venta_id,cliente_id,producto_id,fecha_venta,cantidad,precio_unitario,monto_total
1,104,43,2026-05-01,4,116.67,466.68
2,146,14,2026-04-05,2,298.34,596.68
3,149,20,2026-06-30,4,274.22,1096.88
4,11,20,2026-01-19,10,274.22,2742.2
5,21,46,2026-09-08,10,34.57,345.7
6,169,11,2026-03-02,7,69.29,485.03
7,145,38,2025-10-17,10,452.2,4522.0
8,81,38,2025-12-25,9,452.2,4069.8
9,53,35,2025-11-10,5,484.81,2424.05
10,62,11,2026-09-09,6,69.29,415.74
11,102,44,2025-10-02,5,293.8,1469.0
12,172,48,2026-03-18,3,37.87,113.61
13,118,17,2025-09-18,5,431.22,2156.1
14,193,27,2025-09-20,6,39.7,238.2
15,3,5,2025-12-26,2,473.96,947.92
16,160,24,2025-09-24,8,183.61,1468.88
17,26,13,2025-11-30,10,298.27,2982.7
18,138,16,2026-07-24,2,122.18,244.36
19,130,46,2026-07-02,4,34.57,138.28
20,34,1,2026-07-04,5,128.03,640.15
21,18,39,2026-04-08,6,195.7,1174.2
22,95,10,2026-09-06,4,224.67,898.68
23,41,23,2025-12-19,5,56.22,281.1
24,140,38,2026-04-28,8,452.2,3617.6
25,157,24,2026-09-10,5,183.61,918.05
26,3,32,2026-06-26,9,236.69,2130.21
27,77,7,2025-11-11,9,482.54,4342.86
28,35,10,2026-04-14,2,224.67,449.34
29,30,31,2026-04-18,5,216.72,1083.6
30,191,3,2026-08-06,2,409.85,819.7
31,40,30,2026-05-05,9,272.78,2455.02
32,73,23,2026-01-10,5,56.22,281.1
33,54,2,2026-06-29,10,51.97,519.7
34,53,43,2025-09-20,6,116.67,700.02
35,130,1,2025-11-08,5,128.03,640.15
36,65,1,2025-11-21,8,128.03,1024.24
37,24,18,2026-07-14,1,261.94,261.94
38,71,5,2026-02-28,7,473.96,3317.72
39,1,45,2026-01-16,1,376.51,376.51
40,198,4,2025-12-20,6,72.91,437.46
41,164,26,2025-11-01,3,339.95,1019.85
42,42,9,2026-08-18,5,497.62,2488.1
43,142,39,2026-01-23,8,195.7,1565.6
44,144,31,2025-11-27,7,216.72,1517.04
45,29,21,2025-11-26,1,129.07,129.07
46,177,25,2025-09-25,2,238.84,477.68
47,140,7,2026-03-21,3,482.54,1447.62
48,95,50,2026-02-09,1,301.57,301.57
49,142,5,2025-11-17,10,473.96,4739.6
50,111,9,2026-03-13,3,497.62,1492.86
51,11,16,2026-01-16,3,122.18,366.54
52,94,27,2025-12-10,5,39.7,198.5
53,92,22,2025-10-18,1,405.67,405.67
54,175,28,2026-09-10,4,402.29,1609.16
55,171,39,2026-07-05,4,195.7,782.8
56,91,5,2026-05-09,2,473.96,947.92
57,105,48,2026-05-22,9,37.87,340.83
58,192,21,2026-01-16,10,129.07,1290.7
59,61,30,2026-03-21,3,272.78,818.34
60,46,41,2026-05-28,3,149.77,449.31
61,7,4,2025-09-19,7,72.91,510.37
62,189,9,2026-08-10,3,497.62,1492.86
63,106,47,2026-04-19,6,256.4,1538.4
64,69,41,2025-11-03,4,149.77,599.08
65,180,40,2026-03-20,3,139.95,419.85
66,98,17,2026-08-19,2,431.22,862.44
67,121,25,2026-03-23,1,238.84,238.84
68,52,40,2025-10-26,4,139.95,559.8
69,90,25,2026-01-31,8,238.84,1910.72
70,59,40,2025-12-03,5,139.95,699.75
71,7,37,2026-08-12,4,-25.0,-100.0
72,103,14,2025-10-05,4,298.34,1193.36
73,72,35,2025-11-18,6,484.81,2908.86
74,198,24,2026-04-17,2,183.61,367.22
75,90,3,2026-02-10,5,409.85,2049.25
76,103,27,2025-11-10,9,39.7,357.3
77,85,16,2025-10-08,9,122.18,1099.62
78,30,33,2026-06-08,1,227.13,227.13
79,46,38,2026-04-12,5,452.2,2261.0
80,68,27,2025-12-18,10,39.7,397.0
81,28,10,2026-07-21,1,224.67,224.67
82,9999,45,2026-07-09,10,376.51,3765.1
83,187,5,2026-04-02,6,473.96,2843.76
84,112,26,2026-02-18,6,339.95,2039.7
85,131,18,2026-08-17,10,261.94,2619.4
86,99,28,2026-04-03,2,402.29,804.58
87,49,2,2026-03-18,10,51.97,519.7
88,12,43,2026-07-05,5,116.67,583.35
89,1,3,2025-10-19,7,409.85,2868.95
90,138,15,2026-06-17,9,44.79,403.11
91,94,29,2026-02-17,4,131.84,527.36
92,18,45,2026-08-15,7,376.51,2635.57
93,160,22,2026-08-23,6,405.67,2434.02
94,170,39,2026-05-07,6,195.7,1174.2
95,185,28,2025-10-26,2,402.29,804.58
96,130,11,2026-03-27,5,69.29,346.45
97,171,27,2026-08-17,5,39.7,198.5
98,84,33,2026-07-03,7,227.13,1589.91
99,179,6,2026-07-25,7,139.88,979.16
100,142,41,2025-10-21,5,149.77,748.85
101,50,36,2025-12-29,3,91.49,274.47
102,171,13,2026-05-26,7,298.27,2087.89
103,174,7,2026-06-21,7,482.54,3377.78
104,158,11,2026-09-12,3,69.29,207.87
105,78,35,2026-08-07,10,484.81,4848.1
106,141,50,2026-04-04,7,301.57,2110.99
107,78,5,2025-11-21,1,473.96,473.96
108,54,25,2026-04-04,5,238.84,1194.2
109,149,3,2026-08-03,7,409.85,2868.95
110,168,45,2026-05-25,10,376.51,3765.1
111,120,29,2025-10-08,6,131.84,791.04
112,114,19,2025-10-01,8,337.8,2702.4
113,131,37,2026-01-09,4,-25.0,-100.0
114,189,19,2025-12-20,8,337.8,2702.4
115,169,27,2025-11-23,3,39.7,119.1
116,73,31,2026-03-16,2,216.72,433.44
117,170,48,2026-06-04,9,37.87,340.83
118,86,14,2026-03-11,10,298.34,2983.4
119,193,37,2026-06-03,2,-25.0,-50.0
120,173,44,2026-08-22,4,293.8,1175.2
121,58,49,2025-12-23,5,427.16,2135.8
122,38,8,2026-02-02,4,359.34,1437.36
123,12,46,2026-04-23,1,34.57,34.57
124,122,3,2026-05-11,4,409.85,1639.4
125,197,28,2025-12-26,10,402.29,4022.9
126,117,5,2026-06-17,2,473.96,947.92
127,162,45,2025-12-29,7,376.51,2635.57
128,50,33,2025-11-17,10,227.13,2271.3
129,127,23,2025-12-10,7,56.22,393.54
130,63,38,2026-01-31,7,452.2,3165.4
131,168,50,2026-08-15,3,301.57,904.71
132,193,37,2026-06-06,1,-25.0,-25.0
133,200,21,2026-05-30,2,129.07,258.14
134,57,9,2025-11-30,7,497.62,3483.34
135,179,39,2026-07-06,3,195.7,587.1
136,119,22,2026-07-09,9,405.67,3651.03
137,143,27,2026-03-11,1,39.7,39.7
138,32,25,2025-12-20,4,238.84,955.36
139,35,20,2025-09-27,8,274.22,2193.76
140,171,46,2025-10-31,8,34.57,276.56
141,144,37,2026-05-08,9,-25.0,-225.0
142,82,23,2025-09-18,10,56.22,562.2
143,157,9,2026-02-01,8,497.62,3980.96
144,110,43,2026-05-08,9,116.67,1050.03
145,115,13,2026-04-19,9,298.27,2684.43
146,191,48,2025-12-11,3,37.87,113.61
147,116,3,2026-06-27,8,409.85,3278.8
148,193,37,2026-07-26,5,-25.0,-125.0
149,164,13,2026-02-14,4,298.27,1193.08
150,197,21,2025-09-24,5,129.07,645.35
151,125,18,2025-09-25,9,261.94,2357.46
152,71,45,2026-01-23,4,376.51,1506.04
153,20,13,2026-01-03,8,298.27,2386.16
154,61,31,2025-09-19,5,216.72,1083.6
155,86,18,2025-09-15,5,261.94,1309.7
156,139,25,2026-02-19,6,238.84,1433.04
157,36,5,2026-06-03,2,473.96,947.92
158,60,4,2026-04-30,3,72.91,218.73
159,178,9,2026-06-05,7,497.62,3483.34
160,181,9,2025-11-21,3,497.62,1492.86
161,17,43,2026-01-03,4,116.67,466.68
162,105,5,2025-11-04,7,473.96,3317.72
163,139,26,2026-05-15,6,339.95,2039.7
164,107,25,2026-01-26,8,238.84,1910.72
165,53,12,2026-03-19,1,41.37,41.37
166,100,34,2026-09-09,7,34.79,243.53
167,179,32,2026-08-26,10,236.69,2366.9
168,196,10,2026-07-14,1,224.67,224.67
169,98,7,2025-10-06,10,482.54,4825.4
170,2,34,2026-02-07,8,34.79,278.32
171,77,5,2025-11-05,6,473.96,2843.76
172,108,40,2026-04-22,7,139.95,979.65
173,192,48,2026-07-07,9,37.87,340.83
174,155,36,2025-10-22,9,91.49,823.41
175,125,18,2026-01-14,4,261.94,1047.76
176,70,11,2026-05-12,4,69.29,277.16
177,125,9,2026-01-06,7,497.62,3483.34
178,100,29,2025-10-29,1,131.84,131.84
179,172,1,2026-04-20,6,128.03,768.18
180,186,50,2026-02-02,7,301.57,2110.99
181,120,50,2026-05-18,3,301.57,904.71
182,160,42,2026-03-06,3,85.85,257.55
183,7,5,2026-04-07,9,473.96,4265.64
184,152,25,2025-09-27,7,238.84,1671.88
185,170,43,2026-04-28,10,116.67,1166.7
186,22,6,2026-03-06,1,139.88,139.88
187,35,8,2026-02-27,7,359.34,2515.38
188,47,41,2026-07-29,8,149.77,1198.16
189,67,1,2026-07-27,1,128.03,128.03
190,84,17,2026-06-02,7,431.22,3018.54
191,117,31,2026-07-02,4,216.72,866.88
192,87,36,2026-05-28,6,91.49,548.94
193,72,49,2025-10-17,7,427.16,2990.12
194,65,6,2025-09-19,7,139.88,979.16
195,121,46,2026-03-14,2,34.57,69.14
196,192,28,2025-10-19,1,402.29,402.29
197,14,40,2025-09-21,9,139.95,1259.55
198,58,27,2026-08-20,6,39.7,238.2
199,200,38,2026-06-30,2,452.2,904.4
200,194,21,2026-05-07,1,129.07,129.07
201,64,21,2026-08-24,1,129.07,129.07
202,6,14,2026-09-11,4,298.34,1193.36
203,40,1,2026-02-12,10,128.03,1280.3
204,33,1,2026-04-17,4,128.03,512.12
205,172,45,2026-03-19,8,376.51,3012.08
206,145,31,2026-06-21,2,216.72,433.44
207,120,13,2025-09-15,4,298.27,1193.08
208,197,12,2026-01-30,5,41.37,206.85
209,43,12,2026-05-13,6,41.37,248.22
210,156,37,2026-09-05,10,-25.0,-250.0
211,200,26,2026-07-21,2,339.95,679.9
212,80,27,2026-05-16,3,39.7,119.1
213,149,28,2026-08-05,2,402.29,804.58
214,80,3,2026-07-23,1,409.85,409.85
215,174,18,2026-06-12,10,261.94,2619.4
216,102,13,2026-01-06,7,298.27,2087.89
217,20,45,2026-02-13,4,376.51,1506.04
218,177,6,2026-01-12,10,139.88,1398.8
219,27,18,2025-12-25,4,261.94,1047.76
220,176,2,2026-07-21,5,51.97,259.85
221,31,9,2026-07-24,10,497.62,4976.2
222,11,39,2025-12-07,10,195.7,1957.0
223,137,5,2026-03-28,6,473.96,2843.76
224,170,24,2026-05-14,7,183.61,1285.27
225,18,17,2025-12-29,6,431.22,2587.32
226,166,42,2026-03-13,9,85.85,772.65
227,4,33,2026-06-19,6,227.13,1362.78
228,126,16,2026-01-11,7,122.18,855.26
229,111,19,2026-03-14,2,337.8,675.6
230,163,15,2025-09-23,6,44.79,268.74
231,182,8,2026-06-19,8,359.34,2874.72
232,112,27,2025-12-11,3,39.7,119.1
233,188,39,2026-06-01,3,195.7,587.1
234,167,36,2026-08-02,9,91.49,823.41
235,158,44,2026-08-06,5,293.8,1469.0
236,199,50,2025-12-06,9,301.57,2714.13
237,120,8,2026-03-04,8,359.34,2874.72
238,188,48,2025-12-29,7,37.87,265.09
239,69,22,2026-02-13,10,405.67,4056.7
240,63,32,2025-12-09,6,236.69,1420.14
241,72,25,2025-11-10,2,238.84,477.68
242,63,45,2026-02-12,8,376.51,3012.08
243,146,1,2026-06-18,8,128.03,1024.24
244,172,40,2026-04-07,10,139.95,1399.5
245,87,13,2026-06-14,7,298.27,2087.89
246,127,32,2026-03-19,1,236.69,236.69
247,47,3,2025-11-09,6,409.85,2459.1
248,55,12,2026-01-09,8,41.37,330.96
249,67,39,2025-12-20,6,195.7,1174.2
250,72,7,2026-08-13,6,482.54,2895.24
251,180,27,2025-10-07,10,39.7,397.0
252,143,37,2026-02-15,5,-25.0,-125.0
253,133,2,2025-09-26,1,51.97,51.97
254,22,36,2026-03-15,4,91.49,365.96
255,185,25,2026-09-10,4,238.84,955.36
256,126,3,2026-02-11,7,409.85,2868.95
257,195,46,2026-04-11,9,34.57,311.13
258,177,14,2026-05-21,4,298.34,1193.36
259,166,25,2025-09-27,8,238.84,1910.72
260,115,27,2025-12-31,8,39.7,317.6
261,24,22,2026-08-15,1,405.67,405.67
262,57,29,2026-05-21,5,131.84,659.2
263,178,36,2025-11-02,7,91.49,640.43
264,9999,28,2026-07-22,4,402.29,1609.16
265,95,9,2026-04-07,10,497.62,4976.2
266,142,23,2025-12-08,8,56.22,449.76
267,89,24,2026-04-05,9,183.61,1652.49
268,191,34,2026-04-27,7,34.79,243.53
269,85,5,2026-01-01,9,473.96,4265.64
270,180,39,2026-05-03,6,195.7,1174.2
271,70,26,2026-01-08,8,339.95,2719.6
272,65,7,2026-02-09,5,482.54,2412.7
273,31,5,2026-01-25,4,473.96,1895.84
274,81,27,2025-11-02,4,39.7,158.8
275,191,28,2026-02-10,2,402.29,804.58
276,196,40,2026-05-28,9,139.95,1259.55
277,50,14,2026-07-30,3,298.34,895.02
278,190,35,2025-12-19,4,484.81,1939.24
279,71,32,2025-11-12,8,236.69,1893.52
280,195,5,2025-12-09,10,473.96,4739.6
281,153,33,2026-04-10,9,227.13,2044.17
282,26,38,2025-10-10,5,452.2,2261.0
283,76,6,2026-05-02,4,139.88,559.52
284,93,44,2025-10-23,4,293.8,1175.2
285,78,27,2026-03-18,3,39.7,119.1
286,182,38,2025-11-13,1,452.2,452.2
287,33,31,2026-05-11,9,216.72,1950.48
288,12,40,2025-12-04,5,139.95,699.75
289,142,20,2026-06-03,1,274.22,274.22
290,179,21,2025-12-31,5,129.07,645.35
291,164,45,2026-08-14,3,376.51,1129.53
292,27,22,2025-11-28,8,405.67,3245.36
293,147,34,2026-04-13,1,34.79,34.79
294,121,29,2026-05-14,5,131.84,659.2
295,113,23,2025-11-13,8,56.22,449.76
296,48,31,2025-10-10,6,216.72,1300.32
297,65,30,2026-06-13,1,272.78,272.78
298,30,46,2025-09-24,8,34.57,276.56
299,103,23,2025-12-02,2,56.22,112.44
300,19,7,2026-05-09,8,482.54,3860.32
301,162,44,2025-11-19,10,293.8,2938.0
302,39,34,2026-02-27,1,34.79,34.79
303,145,36,2026-08-09,3,91.49,274.47
304,22,19,2026-08-21,5,337.8,1689.0
305,31,14,2026-07-12,4,298.34,1193.36
306,196,32,2025-12-12,9,236.69,2130.21
307,156,7,2026-03-26,7,482.54,3377.78
308,159,35,2026-02-17,10,484.81,4848.1
309,199,28,2025-10-11,4,402.29,1609.16
310,98,15,2026-08-13,9,44.79,403.11
311,114,21,2026-08-21,8,129.07,1032.56
312,151,2,2026-08-19,5,51.97,259.85
313,79,21,2025-10-20,7,129.07,903.49
314,159,2,2026-09-04,10,51.97,519.7
315,157,19,2025-09-17,1,337.8,337.8
316,196,15,2025-10-17,2,44.79,89.58
317,161,12,2025-09-18,4,41.37,165.48
318,68,2,2026-03-22,4,51.97,207.88
319,41,48,2025-10-30,2,37.87,75.74
320,45,38,2025-12-17,4,452.2,1808.8
321,20,35,2026-01-25,9,484.81,4363.29
322,1,7,2026-04-22,3,482.54,1447.62
323,116,35,2026-01-19,7,484.81,3393.67
324,121,38,2025-09-26,10,452.2,4522.0
325,9,4,2026-01-12,5,72.91,364.55
326,74,15,2025-11-07,4,44.79,179.16
327,180,39,2025-12-19,5,195.7,978.5
328,19,34,2025-09-16,8,34.79,278.32
329,68,43,2025-11-25,4,116.67,466.68
330,170,19,2025-09-15,10,337.8,3378.0
331,109,35,2026-01-25,4,484.81,1939.24
332,140,10,2025-12-16,2,224.67,449.34
333,166,9,2025-09-17,4,497.62,1990.48
334,69,6,2026-03-22,3,139.88,419.64
335,19,46,2026-07-02,3,34.57,103.71
336,43,34,2026-01-28,1,34.79,34.79
337,153,43,2026-07-07,5,116.67,583.35
338,74,10,2026-05-30,10,224.67,2246.7
339,32,38,2026-02-17,8,452.2,3617.6
340,9999,21,2026-08-07,8,129.07,1032.56
341,180,17,2026-09-05,5,431.22,2156.1
342,70,26,2026-01-13,7,339.95,2379.65
343,139,8,2025-12-22,9,359.34,3234.06
344,113,49,2026-07-09,8,427.16,3417.28
345,154,25,2026-05-23,2,238.84,477.68
346,111,38,2026-07-10,1,452.2,452.2
347,155,5,2026-08-05,6,473.96,2843.76
348,7,5,2026-02-22,5,473.96,2369.8
349,59,18,2025-09-17,2,261.94,523.88
350,151,37,2026-06-27,10,-25.0,-250.0
351,196,20,2025-12-23,1,274.22,274.22
352,148,46,2026-01-27,5,34.57,172.85
353,196,42,2025-12-06,1,85.85,85.85
354,121,12,2026-02-01,3,41.37,124.11
355,167,34,2026-03-28,9,34.79,313.11
356,72,40,2026-07-06,8,139.95,1119.6
357,150,4,2026-02-04,3,72.91,218.73
358,163,49,2025-11-09,7,427.16,2990.12
359,24,41,2026-07-18,8,149.77,1198.16
360,90,41,2025-11-02,8,149.77,1198.16
361,86,16,2025-10-11,7,122.18,855.26
362,172,3,2026-05-15,6,409.85,2459.1
363,42,10,2025-11-09,2,224.67,449.34
364,106,2,2026-04-16,6,51.97,311.82
365,74,24,2026-07-28,8,183.61,1468.88
366,195,43,2026-03-15,7,116.67,816.69
367,10,33,2025-11-14,9,227.13,2044.17
368,23,9,2026-04-04,8,497.62,3980.96
369,65,32,2026-06-13,6,236.69,1420.14
370,30,18,2026-09-04,6,261.94,1571.64
371,132,42,2026-07-12,7,85.85,600.95
372,169,19,2026-09-10,1,337.8,337.8
373,119,12,2026-08-24,9,41.37,372.33
374,14,30,2026-03-16,7,272.78,1909.46
375,133,42,2026-06-14,4,85.85,343.4
376,160,42,2026-07-17,6,85.85,515.1
377,161,43,2025-10-02,8,116.67,933.36
378,195,14,2026-06-02,8,298.34,2386.72
379,53,42,2026-07-19,1,85.85,85.85
380,141,40,2026-08-11,5,139.95,699.75
381,74,2,2026-04-24,3,51.97,155.91
382,179,7,2025-12-08,8,482.54,3860.32
383,32,12,2026-08-12,8,41.37,330.96
384,162,44,2025-11-17,1,293.8,293.8
385,62,39,2025-11-10,10,195.7,1957.0
386,80,2,2026-05-12,3,51.97,155.91
387,4,16,2026-01-18,9,122.18,1099.62
388,105,23,2026-03-20,9,56.22,505.98
389,58,14,2026-09-12,2,298.34,596.68
390,119,50,2026-03-30,2,301.57,603.14
391,166,18,2026-08-19,2,261.94,523.88
392,128,2,2025-12-02,3,51.97,155.91
393,131,47,2026-01-06,5,256.4,1282.0
394,107,39,2026-08-14,5,195.7,978.5
395,121,36,2026-02-23,8,91.49,731.92
396,117,42,2026-08-22,4,85.85,343.4
397,38,1,2026-06-22,9,128.03,1152.27
398,49,26,2026-09-05,7,339.95,2379.65
399,131,17,2026-04-24,10,431.22,4312.2
400,18,37,2026-09-11,3,-25.0,-75.0
401,198,14,2026-04-30,5,298.34,1491.7
402,88,32,2026-02-20,7,236.69,1656.83
403,69,13,2026-08-21,9,298.27,2684.43
404,73,29,2025-10-28,1,131.84,131.84
405,151,21,2025-10-16,5,129.07,645.35
406,169,3,2026-09-05,10,409.85,4098.5
407,39,14,2026-07-01,8,298.34,2386.72
408,138,5,2025-10-25,8,473.96,3791.68
409,89,12,2025-12-11,8,41.37,330.96
410,142,5,2026-03-04,6,473.96,2843.76
411,97,8,2025-11-16,9,359.34,3234.06
412,83,42,2025-10-13,8,85.85,686.8
413,179,36,2026-04-26,4,91.49,365.96
414,147,36,2026-03-26,4,91.49,365.96
415,60,14,2025-12-21,7,298.34,2088.38
416,12,37,2026-01-20,7,-25.0,-175.0
417,191,41,2026-04-10,6,149.77,898.62
418,181,5,2026-05-08,8,473.96,3791.68
419,99,7,2026-07-14,7,482.54,3377.78
420,127,26,2025-10-20,3,339.95,1019.85
421,33,15,2025-12-23,1,44.79,44.79
422,152,50,2026-01-11,9,301.57,2714.13
423,26,8,2026-03-16,6,359.34,2156.04
424,26,45,2026-08-02,8,376.51,3012.08
425,117,7,2026-04-29,9,482.54,4342.86
426,185,20,2026-06-28,1,274.22,274.22
427,105,26,2026-08-16,3,339.95,1019.85
428,20,24,2026-04-08,3,183.61,550.83
429,68,2,2025-11-01,8,51.97,415.76
430,160,21,2026-03-12,6,129.07,774.42
431,167,45,2026-01-24,7,376.51,2635.57
432,85,32,2026-07-25,2,236.69,473.38
433,98,6,2026-09-08,9,139.88,1258.92
434,161,39,2025-11-17,6,195.7,1174.2
435,139,19,2026-08-01,8,337.8,2702.4
436,159,23,2025-11-29,1,56.22,56.22
437,61,24,2025-11-17,2,183.61,367.22
438,59,17,2025-12-02,5,431.22,2156.1
439,112,26,2026-08-10,2,339.95,679.9
440,195,1,2026-08-13,2,128.03,256.06
441,114,47,2026-01-24,2,256.4,512.8
442,178,47,2026-03-09,3,256.4,769.2
443,8,37,2025-10-28,5,-25.0,-125.0
444,84,22,2025-09-26,1,405.67,405.67
445,76,37,2025-09-14,1,-25.0,-25.0
446,96,43,2026-05-30,6,116.67,700.02
447,38,20,2026-08-08,7,274.22,1919.54
448,136,2,2025-09-22,4,51.97,207.88
449,145,24,2026-03-04,7,183.61,1285.27
450,44,40,2026-04-27,3,139.95,419.85
451,21,32,2025-11-14,3,236.69,710.07
452,98,4,2026-01-09,10,72.91,729.1
453,175,46,2026-06-01,10,34.57,345.7
454,128,18,2025-10-10,4,261.94,1047.76
455,37,46,2026-06-08,10,34.57,345.7
456,119,21,2026-04-02,4,129.07,516.28
457,118,28,2026-06-22,5,402.29,2011.45
458,171,2,2026-03-18,5,51.97,259.85
459,120,29,2026-04-01,1,131.84,131.84
460,174,31,2026-01-18,5,216.72,1083.6
461,41,16,2025-11-27,9,122.18,1099.62
462,114,29,2026-04-23,2,131.84,263.68
463,151,33,2026-08-28,6,227.13,1362.78
464,164,20,2026-07-07,5,274.22,1371.1
465,177,4,2025-12-16,7,72.91,510.37
466,117,26,2026-07-15,5,339.95,1699.75
467,51,21,2026-05-21,5,129.07,645.35
468,124,28,2025-12-11,7,402.29,2816.03
469,61,16,2025-12-03,2,122.18,244.36
470,147,14,2026-08-26,7,298.34,2088.38
471,148,43,2026-06-20,6,116.67,700.02
472,180,49,2026-08-07,5,427.16,2135.8
473,6,34,2026-08-22,5,34.79,173.95
474,71,13,2026-09-13,7,298.27,2087.89
475,145,28,2025-11-23,1,402.29,402.29
476,156,7,2026-06-01,1,482.54,482.54
477,74,27,2025-11-08,8,39.7,317.6
478,156,11,2026-01-25,4,69.29,277.16
479,57,9,2026-06-01,6,497.62,2985.72
480,159,26,2025-09-25,4,339.95,1359.8
481,174,1,2026-05-28,5,128.03,640.15
482,161,26,2026-04-23,3,339.95,1019.85
483,161,23,2026-04-20,2,56.22,112.44
484,80,22,2026-05-27,1,405.67,405.67
485,9,44,2026-06-19,8,293.8,2350.4
486,94,10,2025-12-12,10,224.67,2246.7
487,24,34,2026-05-04,3,34.79,104.37
488,84,15,2026-01-08,5,44.79,223.95
489,45,47,2025-12-31,7,256.4,1794.8
490,34,21,2026-02-05,4,129.07,516.28
491,94,39,2026-08-26,9,195.7,1761.3
492,129,22,2026-03-28,9,405.67,3651.03
493,43,19,2025-12-21,5,337.8,1689.0
494,124,4,2025-12-12,5,72.91,364.55
495,192,23,2026-01-20,5,56.22,281.1
496,30,16,2026-09-12,6,122.18,733.08
497,20,16,2025-12-24,8,122.18,977.44
498,194,2,2026-08-01,3,51.97,155.91
499,174,42,2026-06-24,4,85.85,343.4
500,143,9,2026-04-08,7,497.62,3483.34
501,24,46,2026-06-20,6,34.57,207.42
502,4,30,2026-01-22,7,272.78,1909.46
503,138,43,2026-05-26,5,116.67,583.35
504,117,4,2026-07-21,2,72.91,145.82
505,173,50,2026-06-30,6,301.57,1809.42
506,150,16,2026-04-29,5,122.18,610.9
507,164,10,2026-05-26,7,224.67,1572.69
508,28,41,2026-04-15,6,149.77,898.62
509,121,27,2025-09-14,4,39.7,158.8
510,159,19,2026-04-24,1,337.8,337.8
511,84,40,2026-03-17,9,139.95,1259.55
512,57,14,2026-06-27,10,298.34,2983.4
513,163,22,2025-11-20,2,405.67,811.34
514,180,44,2026-03-12,8,293.8,2350.4
515,167,15,2025-10-02,5,44.79,223.95
516,30,8,2026-02-09,7,359.34,2515.38
517,12,16,2025-09-29,3,122.18,366.54
518,78,15,2025-09-28,1,44.79,44.79
519,30,10,2025-12-19,8,224.67,1797.36
520,61,32,2025-12-06,2,236.69,473.38
521,35,29,2025-12-26,9,131.84,1186.56
522,117,13,2026-03-07,7,298.27,2087.89
523,172,25,2025-12-08,6,238.84,1433.04
524,108,3,2026-09-02,9,409.85,3688.65
525,191,43,2025-10-03,10,116.67,1166.7
526,107,2,2025-12-25,3,51.97,155.91
527,126,33,2026-04-26,2,227.13,454.26
528,105,13,2025-12-01,10,298.27,2982.7
529,9,40,2026-05-26,5,139.95,699.75
530,56,32,2026-01-23,6,236.69,1420.14
531,114,27,2026-01-05,8,39.7,317.6
532,93,16,2025-11-08,4,122.18,488.72
533,176,23,2026-07-15,2,56.22,112.44
534,140,45,2026-05-26,6,376.51,2259.06
535,16,42,2026-07-15,6,85.85,515.1
536,71,27,2025-12-30,7,39.7,277.9
537,32,38,2026-07-28,4,452.2,1808.8
538,24,19,2025-12-04,8,337.8,2702.4
539,165,19,2026-03-29,4,337.8,1351.2
540,6,30,2025-09-14,10,272.78,2727.8
541,86,27,2025-10-12,1,39.7,39.7
542,33,46,2026-06-17,4,34.57,138.28
543,53,16,2026-08-05,10,122.18,1221.8
544,196,28,2026-06-07,2,402.29,804.58
545,54,32,2026-07-23,9,236.69,2130.21
546,56,6,2026-07-20,10,139.88,1398.8
547,85,30,2025-10-22,4,272.78,1091.12
548,153,40,2025-10-09,3,139.95,419.85
549,71,21,2025-10-17,1,129.07,129.07
550,34,30,2026-01-01,3,272.78,818.34
551,65,26,2026-07-22,9,339.95,3059.55
552,29,8,2026-02-06,3,359.34,1078.02
553,34,20,2025-09-29,1,274.22,274.22
554,92,11,2026-03-30,1,69.29,69.29
555,151,32,2026-06-10,4,236.69,946.76
556,5,12,2026-07-14,6,41.37,248.22
557,68,28,2026-09-01,3,402.29,1206.87
558,33,43,2025-11-01,1,116.67,116.67
559,135,45,2026-05-27,7,376.51,2635.57
560,191,10,2026-04-19,-1,224.67,449.34
561,122,41,2026-02-04,2,149.77,299.54
562,200,10,2026-08-02,8,224.67,1797.36
563,132,5,2026-04-13,6,473.96,2843.76
564,28,13,2026-04-04,10,298.27,2982.7
565,129,50,2026-06-18,8,301.57,2412.56
566,158,45,2026-05-19,4,376.51,1506.04
567,187,41,2026-04-23,1,149.77,149.77
568,78,27,2026-08-27,9,39.7,357.3
569,165,41,2025-10-16,8,149.77,1198.16
570,16,38,2025-11-19,1,452.2,452.2
571,103,46,2025-09-20,8,34.57,276.56
572,176,48,2025-11-05,7,37.87,265.09
573,126,30,2025-10-07,2,272.78,545.56
574,19,11,2025-09-24,8,69.29,554.32
575,83,5,2025-09-27,2,473.96,947.92
576,38,5,2026-09-06,10,473.96,4739.6
577,33,35,2026-01-20,2,484.81,969.62
578,160,21,2026-05-07,5,129.07,645.35
579,141,49,2026-09-06,10,427.16,4271.6
580,98,16,2026-03-06,6,122.18,733.08
581,136,27,2026-07-07,10,39.7,397.0
582,117,12,2026-06-06,5,41.37,206.85
583,155,46,2026-08-27,9,34.57,311.13
584,26,22,2026-05-15,7,405.67,2839.69
585,168,45,2026-02-20,2,376.51,753.02
586,185,44,2026-01-22,9,293.8,2644.2
587,111,43,2026-04-25,4,116.67,466.68
588,59,32,2025-12-30,8,236.69,1893.52
589,87,40,2026-01-31,7,139.95,979.65
590,103,8,2026-04-11,8,359.34,2874.72
591,187,14,2026-06-08,7,298.34,2088.38
592,81,19,2026-06-30,2,337.8,675.6
593,81,30,2026-03-11,7,272.78,1909.46
594,96,11,2026-04-27,5,69.29,346.45
595,176,5,2025-12-03,3,473.96,1421.88
596,18,23,2025-12-07,8,56.22,449.76
597,22,14,2026-01-13,2,298.34,596.68
598,111,28,2025-12-24,2,402.29,804.58
599,191,16,2025-09-20,2,122.18,244.36
600,34,36,2026-08-01,6,91.49,548.94
601,16,17,2025-10-01,9,431.22,3880.98
602,144,30,2026-01-04,10,272.78,2727.8
603,85,39,2026-01-16,9,195.7,1761.3
604,106,13,2025-12-23,2,298.27,596.54
605,171,17,2026-03-11,6,431.22,2587.32
606,185,41,2026-01-08,7,149.77,1048.39
607,74,37,2026-07-17,1,-25.0,-25.0
608,80,1,2025-09-21,10,128.03,1280.3
609,27,14,2026-01-09,6,298.34,1790.04
610,130,43,2025-12-05,10,116.67,1166.7
611,40,38,2026-03-06,4,452.2,1808.8
612,58,14,2026-03-20,8,298.34,2386.72
613,90,40,2026-04-16,2,139.95,279.9
614,95,2,2026-03-05,9,51.97,467.73
615,196,27,2025-11-22,2,39.7,79.4
616,147,14,2025-12-02,5,298.34,1491.7
617,110,27,2026-07-25,4,39.7,158.8
618,197,14,2026-06-16,9,298.34,2685.06
619,158,23,2026-08-10,10,56.22,562.2
620,7,11,2025-11-17,9,69.29,623.61
621,169,31,2026-01-09,10,216.72,2167.2
622,8,43,2026-06-30,5,116.67,583.35
623,70,38,2026-07-19,3,452.2,1356.6
624,87,49,2026-04-16,5,427.16,2135.8
625,2,31,2025-11-04,6,216.72,1300.32
626,37,9,2026-02-28,3,497.62,1492.86
627,169,2,2026-04-07,10,51.97,519.7
628,18,9,2026-07-30,7,497.62,3483.34
629,190,11,2026-06-28,3,69.29,207.87
630,24,6,2026-06-26,1,139.88,139.88
631,56,44,2026-05-10,9,293.8,2644.2
632,108,34,2025-11-20,7,34.79,243.53
633,88,29,2026-03-16,8,131.84,1054.72
634,95,39,2025-09-22,3,195.7,587.1
635,185,33,2025-11-10,5,227.13,1135.65
636,199,13,2026-07-26,6,298.27,1789.62
637,153,23,2026-08-29,10,56.22,562.2
638,14,44,2025-11-09,2,293.8,587.6
639,41,45,2025-10-13,3,376.51,1129.53
640,13,7,2026-03-04,10,482.54,4825.4
641,70,27,2025-11-28,2,39.7,79.4
642,170,2,2025-11-12,8,51.97,415.76
643,125,48,2026-01-12,7,37.87,265.09
644,114,48,2026-01-17,10,37.87,378.7
645,70,1,2025-10-30,7,128.03,896.21
646,194,21,2025-11-15,4,129.07,516.28
647,30,28,2025-12-22,9,402.29,3620.61
648,111,4,2025-12-05,6,72.91,437.46
649,73,47,2026-08-15,2,256.4,512.8
650,125,32,2025-11-18,10,236.69,2366.9
651,171,43,2026-02-01,9,116.67,1050.03
652,12,19,2026-08-06,5,337.8,1689.0
653,102,19,2026-04-16,4,337.8,1351.2
654,15,45,2025-11-13,10,376.51,3765.1
655,53,13,2026-08-11,1,298.27,298.27
656,55,24,2026-06-11,5,183.61,918.05
657,196,41,2025-12-05,3,149.77,449.31
658,75,49,2026-05-21,5,427.16,2135.8
659,31,4,2026-03-13,6,72.91,437.46
660,128,29,2025-11-12,1,131.84,131.84
661,45,35,2026-02-07,7,484.81,3393.67
662,98,26,2026-07-02,3,339.95,1019.85
663,181,24,2026-04-26,9,183.61,1652.49
664,129,40,2026-03-01,4,139.95,559.8
665,172,4,2026-07-24,9,72.91,656.19
666,19,5,2025-12-09,6,473.96,2843.76
667,190,39,2026-03-09,7,195.7,1369.9
668,112,42,2026-04-16,1,85.85,85.85
669,118,9,2026-04-19,1,497.62,497.62
670,81,50,2026-06-18,2,301.57,603.14
671,110,38,2026-03-10,10,452.2,4522.0
672,104,6,2026-04-25,10,139.88,1398.8
673,75,50,2026-03-25,7,301.57,2110.99
674,104,30,2026-03-18,2,272.78,545.56
675,84,44,2026-06-30,1,293.8,293.8
676,159,18,2026-03-23,3,261.94,785.82
677,177,5,2026-07-20,8,473.96,3791.68
678,23,15,2026-07-11,6,44.79,268.74
679,28,36,2025-10-24,7,91.49,640.43
680,112,16,2026-06-24,4,122.18,488.72
681,103,18,2026-06-13,10,261.94,2619.4
682,21,21,2026-07-14,9,129.07,1161.63
683,80,34,2026-04-21,7,34.79,243.53
684,57,16,2025-11-15,6,122.18,733.08
685,200,34,2025-11-28,6,34.79,208.74
686,20,1,2026-02-01,3,128.03,384.09
687,163,24,2025-09-29,9,183.61,1652.49
688,136,20,2026-03-05,2,274.22,548.44
689,50,19,2026-04-19,9,337.8,3040.2
690,90,11,2026-05-28,6,69.29,415.74
691,61,4,2025-12-20,3,72.91,218.73
692,38,5,2026-08-24,2,473.96,947.92
693,51,16,2026-05-26,5,122.18,610.9
694,155,9,2025-09-25,3,497.62,1492.86
695,195,42,2025-12-02,3,85.85,257.55
696,46,29,2025-10-30,2,131.84,263.68
697,119,11,2025-11-10,8,69.29,554.32
698,195,17,2026-05-23,10,431.22,4312.2
699,115,16,2026-08-02,10,122.18,1221.8
700,165,1,2025-11-04,10,128.03,1280.3
701,83,50,2026-05-14,10,301.57,3015.7
702,39,16,2026-01-28,6,122.18,733.08
703,18,46,2026-08-17,8,34.57,276.56
704,114,32,2025-10-04,8,236.69,1893.52
705,71,12,2025-10-31,5,41.37,206.85
706,15,32,2026-02-12,10,236.69,2366.9
707,130,29,2026-02-12,6,131.84,791.04
708,80,14,2026-06-01,2,298.34,596.68
709,116,4,2025-12-03,8,72.91,583.28
710,15,1,2025-11-09,1,128.03,128.03
711,74,42,2026-07-02,6,85.85,515.1
712,166,34,2026-02-21,2,34.79,69.58
713,158,32,2026-08-16,2,236.69,473.38
714,130,1,2025-12-31,10,128.03,1280.3
715,119,7,2025-12-30,7,482.54,3377.78
716,142,1,2026-06-29,10,128.03,1280.3
717,116,3,2025-11-04,1,409.85,409.85
718,167,4,2025-10-26,10,72.91,729.1
719,83,49,2026-07-21,4,427.16,1708.64
720,122,5,2026-07-31,10,473.96,4739.6
721,39,30,2026-07-17,9,272.78,2455.02
722,116,17,2025-09-15,1,431.22,431.22
723,88,39,2026-03-18,2,195.7,391.4
724,130,19,2026-04-18,2,337.8,675.6
725,11,38,2026-02-20,3,452.2,1356.6
726,182,2,2026-05-05,4,51.97,207.88
727,113,25,2026-09-08,8,238.84,1910.72
728,134,18,2026-04-13,9,261.94,2357.46
729,41,43,2025-12-09,10,116.67,1166.7
730,96,30,2026-04-29,6,272.78,1636.68
731,100,26,2025-12-04,5,339.95,1699.75
732,199,17,2026-07-10,7,431.22,3018.54
733,174,13,2026-09-10,6,298.27,1789.62
734,14,22,2026-04-27,10,405.67,4056.7
735,17,7,2026-03-17,6,482.54,2895.24
736,25,30,2026-04-11,6,272.78,1636.68
737,174,13,2026-08-08,9,298.27,2684.43
738,73,37,2025-09-20,7,-25.0,-175.0
739,186,32,2025-10-18,5,236.69,1183.45
740,39,24,2026-02-06,10,183.61,1836.1
741,21,10,2025-12-12,6,224.67,1348.02
742,170,15,2026-01-30,10,44.79,447.9
743,90,37,2025-10-27,3,-25.0,-75.0
744,168,49,2025-10-23,5,427.16,2135.8
745,34,20,2026-09-02,7,274.22,1919.54
746,182,45,2026-06-08,10,376.51,3765.1
747,80,2,2026-09-01,2,51.97,103.94
748,97,36,2025-10-09,9,91.49,823.41
749,33,6,2026-06-17,6,139.88,839.28
750,24,5,2026-06-08,9,473.96,4265.64
751,131,50,2026-07-26,7,301.57,2110.99
752,5,33,2026-07-14,6,227.13,1362.78
753,80,37,2026-02-01,6,-25.0,-150.0
754,55,45,2025-12-17,3,376.51,1129.53
755,197,42,2025-10-29,6,85.85,515.1
756,50,5,2025-10-11,8,473.96,3791.68
757,36,2,2026-02-16,4,51.97,207.88
758,20,30,2026-01-21,3,272.78,818.34
759,26,29,2026-04-03,5,131.84,659.2
760,198,1,2026-03-03,9,128.03,1152.27
761,190,25,2026-08-26,9,238.84,2149.56
762,10,26,2026-03-16,9,339.95,3059.55
763,197,11,2026-05-15,6,69.29,415.74
764,34,3,2026-07-30,10,409.85,4098.5
765,97,37,2025-12-27,10,-25.0,-250.0
766,42,5,2026-05-08,3,473.96,1421.88
767,178,29,2026-09-03,3,131.84,395.52
768,43,28,2026-07-28,10,402.29,4022.9
769,12,27,2025-11-26,8,39.7,317.6
770,94,45,2025-11-04,7,376.51,2635.57
771,114,17,2025-12-24,4,431.22,1724.88
772,73,45,2026-02-28,10,376.51,3765.1
773,60,47,2026-07-14,8,256.4,2051.2
774,62,46,2026-06-20,9,34.57,311.13
775,121,30,2025-11-14,5,272.78,1363.9
776,95,36,2025-09-16,4,91.49,365.96
777,113,50,2025-12-20,10,301.57,3015.7
778,197,29,2026-04-28,8,131.84,1054.72
779,200,35,2025-10-25,5,484.81,2424.05
780,129,18,2026-06-11,7,261.94,1833.58
781,108,50,2026-06-02,9,301.57,2714.13
782,52,30,2025-12-26,3,272.78,818.34
783,36,37,2025-09-24,10,-25.0,-250.0
784,14,18,2026-05-01,5,261.94,1309.7
785,96,47,2026-04-16,8,256.4,2051.2
786,27,21,2026-01-11,9,129.07,1161.63
787,32,13,2025-11-26,9,298.27,2684.43
788,22,36,2025-12-09,5,91.49,457.45
789,70,37,2026-09-09,3,-25.0,-75.0
790,132,28,2025-10-08,8,402.29,3218.32
791,112,14,2025-11-06,3,298.34,895.02
792,57,49,2026-05-06,2,427.16,854.32
793,90,7,2026-01-13,8,482.54,3860.32
794,107,39,2025-10-21,1,195.7,195.7
795,102,26,2026-05-11,1,339.95,339.95
796,96,37,2025-10-10,9,-25.0,-225.0
797,99,3,2026-01-07,4,409.85,1639.4
798,96,32,2026-09-07,2,236.69,473.38
799,8,45,2026-04-08,4,376.51,1506.04
800,26,23,2025-11-20,6,56.22,337.32
801,38,38,2026-03-28,6,452.2,2713.2
802,10,2,2025-10-13,3,51.97,155.91
803,121,48,2026-04-29,5,37.87,189.35
804,195,12,2026-04-08,3,41.37,124.11
805,115,44,2025-10-12,8,293.8,2350.4
806,9999,42,2025-12-17,10,85.85,858.5
807,5,15,2026-03-18,2,44.79,89.58
808,56,2,2026-07-07,5,51.97,259.85
809,141,23,2026-03-08,3,56.22,168.66
810,136,22,2026-08-28,10,405.67,4056.7
811,29,19,2025-09-15,7,337.8,2364.6
812,61,18,2026-06-04,5,261.94,1309.7
813,32,38,2026-03-05,5,452.2,2261.0
814,62,39,2026-04-25,1,195.7,195.7
815,164,35,2026-03-01,7,484.81,3393.67
816,118,26,2026-07-02,10,339.95,3399.5
817,29,43,2026-03-11,2,116.67,233.34
818,153,14,2026-02-06,8,298.34,2386.72
819,5,3,2026-02-18,9,409.85,3688.65
820,148,6,2026-01-23,9,139.88,1258.92
821,184,9,2025-12-19,4,497.62,1990.48
822,75,20,2026-08-11,3,274.22,822.66
823,1,32,2026-09-12,7,236.69,1656.83
824,91,41,2026-01-17,10,149.77,1497.7
825,147,6,2026-06-08,4,139.88,559.52
826,48,5,2026-06-17,7,473.96,3317.72
827,135,24,2026-05-20,2,183.61,367.22
828,18,46,2026-09-01,6,34.57,207.42
829,140,5,2026-09-11,9,473.96,4265.64
830,130,22,2026-01-14,9,405.67,3651.03
831,6,35,2026-02-08,9,484.81,4363.29
832,121,47,2026-04-05,7,256.4,1794.8
833,163,31,2025-12-18,1,216.72,216.72
834,96,40,2026-05-18,7,139.95,979.65
835,192,6,2026-06-15,5,139.88,699.4
836,92,30,2026-03-09,1,272.78,272.78
837,89,45,2025-11-04,2,376.51,753.02
838,188,32,2026-09-08,4,236.69,946.76
839,198,24,2025-09-17,2,183.61,367.22
840,189,5,2025-10-21,10,473.96,4739.6
841,35,24,2026-03-07,6,183.61,1101.66
842,91,8,2026-05-03,1,359.34,359.34
843,87,17,2026-03-19,9,431.22,3880.98
844,200,17,2026-02-13,3,431.22,1293.66
845,179,46,2026-04-27,8,34.57,276.56
846,162,4,2025-11-05,8,72.91,583.28
847,35,15,2026-01-02,3,44.79,134.37
848,184,42,2025-09-17,2,85.85,171.7
849,10,13,2026-03-12,8,298.27,2386.16
850,52,13,2026-02-13,5,298.27,1491.35
851,52,1,2026-03-24,1,128.03,128.03
852,81,22,2025-09-25,1,405.67,405.67
853,132,27,2025-12-10,5,39.7,198.5
854,140,7,2025-10-28,7,482.54,3377.78
855,65,24,2026-05-30,8,183.61,1468.88
856,193,1,2026-06-06,1,128.03,128.03
857,74,13,2026-01-25,4,298.27,1193.08
858,200,11,2026-07-06,6,69.29,415.74
859,168,49,2025-09-29,1,427.16,427.16
860,70,30,2025-10-15,6,272.78,1636.68
861,95,42,2025-10-20,2,85.85,171.7
862,103,42,2026-01-15,7,85.85,600.95
863,99,45,2026-01-09,8,376.51,3012.08
864,48,14,2025-12-24,6,298.34,1790.04
865,178,15,2026-08-21,8,44.79,358.32
866,95,39,2026-05-15,8,195.7,1565.6
867,69,21,2026-04-04,9,129.07,1161.63
868,187,4,2025-11-14,2,72.91,145.82
869,21,11,2026-06-29,7,69.29,485.03
870,155,47,2026-06-06,7,256.4,1794.8
871,140,42,2025-11-14,3,85.85,257.55
872,83,30,2025-11-23,5,272.78,1363.9
873,21,12,2025-12-13,2,41.37,82.74
874,170,29,2025-10-31,6,131.84,791.04
875,79,16,2026-04-24,5,122.18,610.9
876,155,35,2026-08-10,8,484.81,3878.48
877,43,25,2026-08-17,7,238.84,1671.88
878,90,23,2026-05-12,8,56.22,449.76
879,11,13,2026-01-24,8,298.27,2386.16
880,158,31,2025-11-07,6,216.72,1300.32
881,71,48,2026-04-04,7,37.87,265.09
882,20,14,2026-08-31,1,298.34,298.34
883,94,10,2026-06-05,7,224.67,1572.69
884,192,20,2026-08-22,9,274.22,2467.98
885,8,27,2026-07-14,3,39.7,119.1
886,156,2,2026-04-11,3,51.97,155.91
887,9,1,2025-09-22,8,128.03,1024.24
888,18,47,2025-10-20,3,256.4,769.2
889,200,20,2026-07-22,4,274.22,1096.88
890,93,49,2025-09-21,6,427.16,2562.96
891,146,26,2026-06-21,7,339.95,2379.65
892,155,39,2026-02-06,1,195.7,195.7
893,174,31,2026-03-05,3,216.72,650.16
894,95,20,2026-05-07,8,274.22,2193.76
895,114,1,2026-07-28,6,128.03,768.18
896,147,15,2026-01-16,2,44.79,89.58
897,136,7,2025-09-19,3,482.54,1447.62
898,102,28,2026-08-25,6,402.29,2413.74
899,167,3,2026-05-29,-1,409.85,2459.1
900,64,12,2025-12-31,5,41.37,206.85
901,7,32,2026-08-22,2,236.69,473.38
902,128,31,2026-06-13,3,216.72,650.16
903,100,42,2025-09-16,9,85.85,772.65
904,31,11,2026-04-05,9,69.29,623.61
905,199,4,2025-09-29,5,72.91,364.55
906,181,32,2026-04-10,5,236.69,1183.45
907,55,23,2026-05-27,8,56.22,449.76
908,74,23,2025-12-06,10,56.22,562.2
909,52,6,2026-06-01,8,139.88,1119.04
910,35,38,2026-09-03,2,452.2,904.4
911,116,29,2025-10-09,2,131.84,263.68
912,183,26,2025-12-03,3,339.95,1019.85
913,23,34,2026-02-04,8,34.79,278.32
914,171,39,2025-10-06,6,195.7,1174.2
915,182,46,2026-08-05,6,34.57,207.42
916,141,39,2026-03-26,2,195.7,391.4
917,75,43,2026-01-28,9,116.67,1050.03
918,41,42,2026-09-04,5,85.85,429.25
919,93,46,2026-07-04,3,34.57,103.71
920,58,36,2025-12-09,9,91.49,823.41
921,52,5,2026-01-06,2,473.96,947.92
922,61,26,2026-07-19,3,339.95,1019.85
923,7,49,2026-06-29,8,427.16,3417.28
924,142,46,2025-12-08,6,34.57,207.42
925,95,10,2026-08-04,10,224.67,2246.7
926,142,2,2026-04-14,8,51.97,415.76
927,157,25,2025-09-29,3,238.84,716.52
928,17,24,2025-12-14,2,183.61,367.22
929,102,24,2026-07-15,5,183.61,918.05
930,135,23,2026-09-11,8,56.22,449.76
931,197,35,2026-02-01,7,484.81,3393.67
932,148,10,2026-06-24,7,224.67,1572.69
933,33,10,2026-05-08,2,224.67,449.34
934,9999,9,2025-11-05,6,497.62,2985.72
935,116,29,2026-05-16,2,131.84,263.68
936,175,27,2026-03-11,8,39.7,317.6
937,89,34,2026-02-24,9,34.79,313.11
938,200,35,2026-05-12,3,484.81,1454.43
939,164,26,2026-06-04,9,339.95,3059.55
940,47,12,2026-03-23,10,41.37,413.7
941,111,47,2026-05-12,3,256.4,769.2
942,15,7,2026-06-04,9,482.54,4342.86
943,133,17,2025-10-02,2,431.22,862.44
944,78,8,2026-08-30,3,359.34,1078.02
945,42,48,2025-11-07,3,37.87,113.61
946,182,23,2025-10-04,6,56.22,337.32
947,89,44,2026-01-30,4,293.8,1175.2
948,73,9,2026-02-18,9,497.62,4478.58
949,65,27,2025-10-01,2,39.7,79.4
950,163,7,2026-06-10,4,482.54,1930.16
951,71,7,2026-09-08,9,482.54,4342.86
952,161,37,2026-02-06,3,-25.0,-75.0
953,158,21,2025-10-10,5,129.07,645.35
954,24,28,2025-11-13,9,402.29,3620.61
955,165,34,2025-12-31,9,34.79,313.11
956,152,36,2025-12-27,3,91.49,274.47
957,40,50,2025-12-19,10,301.57,3015.7
958,169,38,2025-11-22,3,452.2,1356.6
959,185,30,2026-08-11,10,272.78,2727.8
960,87,25,2026-01-31,10,238.84,2388.4
961,11,23,2026-03-30,10,56.22,562.2
962,21,37,2026-04-22,1,-25.0,-25.0
963,165,44,2026-08-23,1,293.8,293.8
964,68,42,2026-03-17,10,85.85,858.5
965,197,11,2026-05-05,4,69.29,277.16
966,107,15,2026-07-30,10,44.79,447.9
967,164,27,2026-04-06,10,39.7,397.0
968,128,19,2026-08-12,1,337.8,337.8
969,75,26,2026-08-06,9,339.95,3059.55
970,124,39,2025-10-10,5,195.7,978.5
971,176,12,2025-12-19,4,41.37,165.48
972,77,28,2026-04-09,7,402.29,2816.03
973,19,7,2026-06-01,8,482.54,3860.32
974,41,46,2026-04-11,1,34.57,34.57
975,107,18,2026-06-21,8,261.94,2095.52
976,119,40,2025-10-24,8,139.95,1119.6
977,88,25,2025-12-16,4,238.84,955.36
978,37,31,2026-07-15,10,216.72,2167.2
979,184,43,2026-06-14,6,116.67,700.02
980,188,18,2025-10-05,6,261.94,1571.64
981,103,16,2026-07-15,6,122.18,733.08
982,195,29,2026-04-22,3,131.84,395.52
983,132,40,2026-04-21,6,139.95,839.7
984,28,7,2026-03-17,9,482.54,4342.86
985,62,3,2026-03-31,6,409.85,2459.1
986,32,32,2026-02-11,8,236.69,1893.52
987,116,25,2026-08-10,5,238.84,1194.2
988,37,14,2026-04-18,4,298.34,1193.36
989,13,1,2025-10-26,2,128.03,256.06
990,99,31,2026-08-29,5,216.72,1083.6
991,108,41,2025-09-15,10,149.77,1497.7
992,41,37,2026-01-02,4,-25.0,-100.0
993,148,28,2025-11-25,6,402.29,2413.74
994,49,40,2025-10-26,6,139.95,839.7
995,128,40,2025-11-15,3,139.95,419.85
996,120,32,2026-01-26,9,236.69,2130.21
997,79,16,2026-08-06,8,122.18,977.44
998,6,11,2025-11-10,8,69.29,554.32
999,101,19,2026-03-22,2,337.8,675.6
1000,118,16,2026-09-03,9,122.18,1099.62
1001,56,20,2025-12-07,4,274.22,1096.88
1002,91,25,2026-04-16,10,238.84,2388.4
1003,13,13,2026-07-06,1,298.27,298.27
1004,127,15,2026-09-04,5,44.79,223.95
1005,168,6,2026-02-17,10,139.88,1398.8
1006,74,41,2026-05-16,8,149.77,1198.16
1007,3,27,2025-10-17,9,39.7,357.3
1008,111,45,2026-01-23,2,376.51,753.02
1009,68,39,2026-03-13,3,195.7,587.1
1010,196,45,2026-07-20,6,376.51,2259.06
1011,94,25,2026-09-01,7,238.84,1671.88
1012,103,26,2025-11-26,1,339.95,339.95
1013,146,12,2026-03-09,1,41.37,41.37
1014,50,15,2025-10-02,9,44.79,403.11
1015,142,13,2026-02-23,6,298.27,1789.62
1016,19,14,2026-06-22,5,298.34,1491.7
1017,130,45,2026-05-17,7,376.51,2635.57
1018,196,19,2025-11-04,8,337.8,2702.4
1019,72,44,2026-04-24,9,293.8,2644.2
1020,175,30,2026-01-26,10,272.78,2727.8
1021,31,5,2026-01-18,10,473.96,4739.6
1022,25,7,2025-11-25,3,482.54,1447.62
1023,96,11,2026-04-01,7,69.29,485.03
1024,143,6,2026-07-14,6,139.88,839.28
1025,194,46,2025-10-04,6,34.57,207.42
1026,51,46,2026-09-12,3,34.57,103.71
1027,131,37,2026-07-21,10,-25.0,-250.0
1028,129,28,2026-06-11,7,402.29,2816.03
1029,12,6,2025-10-01,1,139.88,139.88
1030,36,4,2026-09-10,1,72.91,72.91
1031,122,21,2025-12-13,6,129.07,774.42
1032,117,48,2026-08-11,9,37.87,340.83
1033,156,41,2026-05-05,3,149.77,449.31
1034,36,26,2026-02-03,9,339.95,3059.55
1035,157,45,2025-12-29,6,376.51,2259.06
1036,42,47,2026-08-07,6,256.4,1538.4
1037,158,10,2026-03-11,7,224.67,1572.69
1038,152,29,2026-03-13,5,131.84,659.2
1039,130,12,2026-06-23,6,41.37,248.22
1040,137,15,2025-11-27,9,44.79,403.11
1041,182,42,2026-02-06,8,85.85,686.8
1042,77,35,2025-12-24,10,484.81,4848.1
1043,5,10,2026-07-28,8,224.67,1797.36
1044,85,3,2026-08-16,6,409.85,2459.1
1045,107,31,2026-05-19,2,216.72,433.44
1046,79,36,2026-06-30,10,91.49,914.9
1047,153,18,2026-02-23,1,261.94,261.94
1048,68,35,2026-03-27,8,484.81,3878.48
1049,148,37,2026-06-24,10,-25.0,-250.0
1050,185,2,2026-07-26,4,51.97,207.88
1051,150,39,2026-01-08,1,195.7,195.7
1052,44,46,2026-03-17,8,34.57,276.56
1053,162,46,2026-07-10,9,34.57,311.13
1054,199,40,2025-11-07,10,139.95,1399.5
1055,38,12,2026-01-21,7,41.37,289.59
1056,9,30,2026-08-31,4,272.78,1091.12
1057,180,26,2026-02-23,10,339.95,3399.5
1058,49,7,2025-09-25,2,482.54,965.08
1059,113,21,2026-05-03,1,129.07,129.07
1060,108,18,2025-09-28,6,261.94,1571.64
1061,106,5,2026-05-18,3,473.96,1421.88
1062,106,45,2026-03-30,4,376.51,1506.04
1063,199,6,2026-05-27,9,139.88,1258.92
1064,121,12,2026-04-28,10,41.37,413.7
1065,181,20,2025-10-24,1,274.22,274.22
1066,133,47,2025-10-05,3,256.4,769.2
1067,144,46,2025-10-12,4,34.57,138.28
1068,170,35,2026-01-19,6,484.81,2908.86
1069,135,24,2026-01-03,8,183.61,1468.88
1070,81,25,2025-11-22,7,238.84,1671.88
1071,118,45,2026-02-07,3,376.51,1129.53
1072,88,29,2025-10-18,9,131.84,1186.56
1073,91,37,2026-02-07,9,-25.0,-225.0
1074,157,31,2025-09-28,5,216.72,1083.6
1075,50,40,2026-03-06,8,139.95,1119.6
1076,72,40,2026-04-15,4,139.95,559.8
1077,77,13,2026-03-09,9,298.27,2684.43
1078,77,11,2026-07-11,4,69.29,277.16
1079,181,25,2025-10-24,5,238.84,1194.2
1080,177,9,2026-04-03,4,497.62,1990.48
1081,82,30,2026-05-07,8,272.78,2182.24
1082,90,45,2025-12-18,8,376.51,3012.08
1083,185,38,2026-03-05,9,452.2,4069.8
1084,74,44,2025-12-26,5,293.8,1469.0
1085,147,9,2026-02-27,2,497.62,995.24
1086,98,44,2026-07-20,9,293.8,2644.2
1087,89,24,2026-08-16,7,183.61,1285.27
1088,75,26,2026-06-12,3,339.95,1019.85
1089,74,25,2026-04-16,1,238.84,238.84
1090,89,1,2026-08-22,2,128.03,256.06
1091,168,49,2025-10-09,8,427.16,3417.28
1092,192,5,2026-08-29,5,473.96,2369.8
1093,55,24,2026-06-23,8,183.61,1468.88
1094,138,4,2025-12-22,4,72.91,291.64
1095,144,7,2025-10-29,5,482.54,2412.7
1096,36,18,2025-12-28,5,261.94,1309.7
1097,158,14,2026-06-02,2,298.34,596.68
1098,62,7,2025-11-22,10,482.54,4825.4
1099,13,30,2026-05-22,4,272.78,1091.12
1100,58,20,2025-09-21,9,274.22,2467.98
1101,14,29,2026-07-24,4,131.84,527.36
1102,106,4,2026-04-25,2,72.91,145.82
1103,184,18,2026-08-04,6,261.94,1571.64
1104,26,10,2026-06-02,8,224.67,1797.36
1105,2,30,2026-02-20,3,272.78,818.34
1106,41,3,2026-01-14,9,409.85,3688.65
1107,168,9,2026-05-18,7,497.62,3483.34
1108,123,38,2026-01-07,8,452.2,3617.6
1109,194,46,2026-05-17,4,34.57,138.28
1110,83,44,2025-11-09,5,293.8,1469.0
1111,166,22,2026-06-29,5,405.67,2028.35
1112,197,20,2026-01-17,1,274.22,274.22
1113,167,31,2026-06-07,2,216.72,433.44
1114,60,39,2026-05-03,10,195.7,1957.0
1115,190,34,2025-11-20,9,34.79,313.11
1116,45,26,2026-06-15,1,339.95,339.95
1117,46,39,2026-01-19,7,195.7,1369.9
1118,102,37,2025-10-26,1,-25.0,-25.0
1119,48,18,2025-10-21,8,261.94,2095.52
1120,10,44,2026-04-13,5,293.8,1469.0
1121,77,27,2026-01-19,1,39.7,39.7
1122,155,18,2025-11-09,10,261.94,2619.4
1123,86,16,2026-01-27,2,122.18,244.36
1124,117,47,2026-02-26,5,256.4,1282.0
1125,135,24,2026-01-05,9,183.61,1652.49
1126,35,5,2026-07-23,8,473.96,3791.68
1127,120,44,2025-10-20,9,293.8,2644.2
1128,50,46,2026-06-03,5,34.57,172.85
1129,85,17,2026-04-25,2,431.22,862.44
1130,188,19,2026-05-12,3,337.8,1013.4
1131,166,1,2026-03-10,8,128.03,1024.24
1132,184,33,2026-06-10,5,227.13,1135.65
1133,4,30,2026-08-06,3,272.78,818.34
1134,76,9,2026-02-20,6,497.62,2985.72
1135,173,22,2026-01-26,10,405.67,4056.7
1136,45,38,2026-05-05,4,452.2,1808.8
1137,164,14,2026-01-31,10,298.34,2983.4
1138,110,33,2026-03-10,7,227.13,1589.91
1139,84,32,2026-03-12,9,236.69,2130.21
1140,103,39,2025-11-13,2,195.7,391.4
1141,48,39,2026-04-08,2,195.7,391.4
1142,123,44,2025-12-04,3,293.8,881.4
1143,64,5,2025-09-16,6,473.96,2843.76
1144,67,2,2026-08-05,1,51.97,51.97
1145,61,19,2026-06-01,7,337.8,2364.6
1146,193,19,2025-12-30,8,337.8,2702.4
1147,85,20,2025-09-21,5,274.22,1371.1
1148,150,13,2026-04-12,5,298.27,1491.35
1149,3,44,2026-07-12,10,293.8,2938.0
1150,168,32,2026-06-24,5,236.69,1183.45
1151,178,22,2026-08-08,6,405.67,2434.02
1152,16,26,2026-05-16,4,339.95,1359.8
1153,120,12,2025-11-24,2,41.37,82.74
1154,41,41,2025-11-04,5,149.77,748.85
1155,176,49,2025-12-22,7,427.16,2990.12
1156,181,28,2026-06-06,9,402.29,3620.61
1157,177,41,2025-12-19,5,149.77,748.85
1158,164,4,2026-03-12,2,72.91,145.82
1159,95,3,2025-11-26,5,409.85,2049.25
1160,57,20,2026-05-14,10,274.22,2742.2
1161,35,31,2026-06-19,4,216.72,866.88
1162,40,38,2025-09-23,8,452.2,3617.6
1163,192,9,2026-05-02,8,497.62,3980.96
1164,96,33,2026-01-26,10,227.13,2271.3
1165,180,16,2025-11-19,7,122.18,855.26
1166,121,36,2026-01-09,9,91.49,823.41
1167,171,9,2025-11-15,9,497.62,4478.58
1168,196,3,2025-11-09,4,409.85,1639.4
1169,175,32,2025-10-28,4,236.69,946.76
1170,21,21,2025-10-25,10,129.07,1290.7
1171,115,45,2026-09-11,9,376.51,3388.59
1172,181,32,2026-07-02,9,236.69,2130.21
1173,20,25,2025-11-23,6,238.84,1433.04
1174,29,44,2026-03-26,10,293.8,2938.0
1175,141,44,2026-05-06,1,293.8,293.8
1176,52,43,2026-03-19,9,116.67,1050.03
1177,138,30,2026-03-15,10,272.78,2727.8
1178,43,38,2026-03-26,3,452.2,1356.6
1179,134,22,2025-12-11,6,405.67,2434.02
1180,30,14,2026-01-17,8,298.34,2386.72
1181,184,42,2025-10-25,4,85.85,343.4
1182,126,22,2025-11-15,10,405.67,4056.7
1183,131,3,2026-02-06,2,409.85,819.7
1184,15,28,2026-05-26,8,402.29,3218.32
1185,34,18,2026-03-05,8,261.94,2095.52
1186,107,42,2025-11-08,9,85.85,772.65
1187,145,21,2026-07-11,8,129.07,1032.56
1188,144,14,2026-08-21,1,298.34,298.34
1189,173,5,2025-12-10,8,473.96,3791.68
1190,186,45,2025-12-19,5,376.51,1882.55
1191,102,25,2026-07-14,1,238.84,238.84
1192,1,26,2026-02-12,5,339.95,1699.75
1193,149,25,2025-11-30,4,238.84,955.36
1194,12,43,2026-01-03,2,116.67,233.34
1195,89,42,2026-01-09,7,85.85,600.95
1196,139,20,2026-07-09,2,274.22,548.44
1197,18,33,2026-08-06,1,227.13,227.13
1198,9,21,2026-03-24,8,129.07,1032.56
1199,105,38,2026-03-08,5,452.2,2261.0
1200,197,24,2026-05-20,3,183.61,550.83
1201,197,37,2025-12-08,3,-25.0,-75.0
1202,96,32,2025-11-20,7,236.69,1656.83
1203,115,10,2026-08-26,7,224.67,1572.69
1204,97,19,2026-09-11,7,337.8,2364.6
1205,175,45,2026-02-13,2,376.51,753.02
1206,35,22,2026-02-25,9,405.67,3651.03
1207,31,30,2026-04-09,6,272.78,1636.68
1208,138,15,2025-12-27,3,44.79,134.37
1209,136,27,2026-08-21,7,39.7,277.9
1210,187,14,2026-04-22,3,298.34,895.02
1211,1,27,2026-02-18,4,39.7,158.8
1212,77,27,2026-07-08,1,39.7,39.7
1213,173,48,2025-10-12,8,37.87,302.96
1214,109,46,2026-04-24,9,34.57,311.13
1215,98,37,2026-09-07,9,-25.0,-225.0
1216,64,44,2026-06-29,4,293.8,1175.2
1217,89,48,2025-11-13,8,37.87,302.96
1218,71,20,2026-03-07,3,274.22,822.66
1219,186,37,2026-01-12,4,-25.0,-100.0
1220,9,45,2025-10-29,2,376.51,753.02
1221,158,41,2026-07-03,7,149.77,1048.39
1222,62,10,2025-10-27,1,224.67,224.67
1223,18,38,2026-05-21,4,452.2,1808.8
1224,153,5,2025-12-31,2,473.96,947.92
1225,115,23,2026-07-25,1,56.22,56.22
1226,173,5,2025-12-24,10,473.96,4739.6
1227,63,48,2026-02-13,1,37.87,37.87
1228,103,34,2025-10-18,1,34.79,34.79
1229,60,4,2026-07-19,8,72.91,583.28
1230,56,31,2026-04-21,9,216.72,1950.48
1231,36,19,2025-10-13,1,337.8,337.8
1232,75,7,2026-02-10,9,482.54,4342.86
1233,188,23,2026-07-03,4,56.22,224.88
1234,82,5,2026-03-12,10,473.96,4739.6
1235,154,32,2026-01-31,10,236.69,2366.9
1236,61,16,2026-04-26,6,122.18,733.08
1237,37,16,2026-01-02,5,122.18,610.9
1238,57,25,2026-01-02,9,238.84,2149.56
1239,77,43,2026-07-02,7,116.67,816.69
1240,16,50,2026-02-11,5,301.57,1507.85
1241,152,8,2026-06-25,9,359.34,3234.06
1242,161,35,2026-06-08,3,484.81,1454.43
1243,143,35,2025-10-02,7,484.81,3393.67
1244,13,25,2026-05-01,8,238.84,1910.72
1245,165,45,2025-12-07,6,376.51,2259.06
1246,135,42,2025-11-08,7,85.85,600.95
1247,179,50,2026-04-23,6,301.57,1809.42
1248,105,38,2026-05-17,7,452.2,3165.4
1249,77,32,2026-02-09,3,236.69,710.07
1250,48,38,2026-03-07,7,452.2,3165.4
1251,122,2,2026-07-28,9,51.97,467.73
1252,58,17,2026-08-25,4,431.22,1724.88
1253,182,24,2026-08-23,5,183.61,918.05
1254,119,28,2026-07-28,3,402.29,1206.87
1255,144,2,2025-09-23,1,51.97,51.97
1256,107,45,2026-08-13,7,376.51,2635.57
1257,136,16,2026-05-08,9,122.18,1099.62
1258,100,1,2026-05-19,3,128.03,384.09
1259,66,13,2026-05-15,4,298.27,1193.08
1260,85,48,2026-05-25,4,37.87,151.48
1261,116,18,2026-04-14,2,261.94,523.88
1262,24,28,2026-03-08,6,402.29,2413.74
1263,186,19,2025-11-03,9,337.8,3040.2
1264,14,14,2026-01-08,4,298.34,1193.36
1265,97,44,2026-05-26,5,293.8,1469.0
1266,155,12,2026-05-28,10,41.37,413.7
1267,19,23,2025-10-02,1,56.22,56.22
1268,195,18,2026-08-29,4,261.94,1047.76
1269,186,15,2025-10-04,10,44.79,447.9
1270,56,5,2026-07-10,9,473.96,4265.64
1271,54,37,2026-06-16,8,-25.0,-200.0
1272,78,4,2026-04-28,6,72.91,437.46
1273,55,41,2026-03-07,1,149.77,149.77
1274,190,7,2026-06-23,4,482.54,1930.16
1275,192,34,2026-01-08,2,34.79,69.58
1276,63,26,2026-06-25,8,339.95,2719.6
1277,181,26,2026-07-28,10,339.95,3399.5
1278,102,17,2026-05-22,4,431.22,1724.88
1279,142,5,2026-06-16,4,473.96,1895.84
1280,199,8,2026-09-14,6,359.34,2156.04
1281,98,47,2026-01-25,5,256.4,1282.0
1282,137,27,2026-05-25,8,39.7,317.6
1283,79,8,2026-06-25,6,359.34,2156.04
1284,93,25,2026-03-11,5,238.84,1194.2
1285,128,5,2026-08-22,9,473.96,4265.64
1286,26,36,2026-03-26,8,91.49,731.92
1287,195,1,2026-06-19,8,128.03,1024.24
1288,53,34,2026-01-11,6,34.79,208.74
1289,81,50,2026-05-06,6,301.57,1809.42
1290,12,28,2026-08-10,7,402.29,2816.03
1291,57,41,2026-05-11,10,149.77,1497.7
1292,5,40,2026-06-13,3,139.95,419.85
1293,142,50,2026-03-11,5,301.57,1507.85
1294,149,16,2026-09-10,10,122.18,1221.8
1295,76,6,2026-05-21,7,139.88,979.16
1296,51,24,2025-09-23,3,183.61,550.83
1297,59,17,2026-07-26,6,431.22,2587.32
1298,146,42,2026-01-30,7,85.85,600.95
1299,128,3,2026-04-05,4,409.85,1639.4
1300,168,22,2025-11-22,9,405.67,3651.03
1301,66,48,2025-10-14,6,37.87,227.22
1302,186,37,2025-12-08,8,-25.0,-200.0
1303,118,35,2026-08-24,8,484.81,3878.48
1304,188,35,2025-10-11,3,484.81,1454.43
1305,44,14,2026-01-02,6,298.34,1790.04
1306,185,15,2026-05-11,3,44.79,134.37
1307,126,11,2025-11-26,9,69.29,623.61
1308,139,11,2026-06-09,3,69.29,207.87
1309,135,24,2026-05-29,1,183.61,183.61
1310,20,7,2026-07-26,1,482.54,482.54
1311,196,25,2025-12-29,1,238.84,238.84
1312,106,36,2025-10-11,1,91.49,91.49
1313,162,37,2025-12-15,3,-25.0,-75.0
1314,18,39,2026-01-10,4,195.7,782.8
1315,3,7,2026-04-03,3,482.54,1447.62
1316,130,41,2025-09-27,4,149.77,599.08
1317,96,45,2026-05-01,8,376.51,3012.08
1318,159,33,2026-02-18,1,227.13,227.13
1319,124,50,2026-01-07,10,301.57,3015.7
1320,5,36,2026-08-27,8,91.49,731.92
1321,137,50,2026-02-06,1,301.57,301.57
1322,106,49,2026-01-27,9,427.16,3844.44
1323,5,38,2026-01-16,1,452.2,452.2
1324,185,49,2026-05-28,9,427.16,3844.44
1325,138,26,2026-03-09,5,339.95,1699.75
1326,5,46,2026-07-12,5,34.57,172.85
1327,179,1,2025-10-09,9,128.03,1152.27
1328,46,5,2026-03-15,7,473.96,3317.72
1329,25,44,2026-05-30,2,293.8,587.6
1330,39,8,2026-02-16,9,359.34,3234.06
1331,50,49,2026-04-06,4,427.16,1708.64
1332,135,22,2026-09-13,10,405.67,4056.7
1333,91,48,2026-06-02,5,37.87,189.35
1334,102,28,2025-09-28,5,402.29,2011.45
1335,96,31,2025-12-04,2,216.72,433.44
1336,118,24,2026-01-29,7,183.61,1285.27
1337,63,46,2026-01-29,10,34.57,345.7
1338,77,15,2026-07-29,4,44.79,179.16
1339,9999,2,2026-05-04,2,51.97,103.94
1340,24,49,2026-05-21,1,427.16,427.16
1341,98,32,2026-05-21,7,236.69,1656.83
1342,142,9,2026-06-25,7,497.62,3483.34
1343,15,25,2025-10-21,8,238.84,1910.72
1344,180,29,2025-09-20,1,131.84,131.84
1345,22,42,2026-06-07,3,85.85,257.55
1346,112,30,2026-03-15,8,272.78,2182.24
1347,145,41,2026-07-25,6,149.77,898.62
1348,136,49,2026-01-08,2,427.16,854.32
1349,59,4,2026-06-30,1,72.91,72.91
1350,178,7,2026-08-08,4,482.54,1930.16
1351,122,21,2026-06-02,10,129.07,1290.7
1352,12,46,2026-04-10,5,34.57,172.85
1353,176,6,2026-09-12,2,139.88,279.76
1354,140,12,2026-03-01,5,41.37,206.85
1355,169,10,2026-05-07,10,224.67,2246.7
1356,46,44,2026-07-22,1,293.8,293.8
1357,5,46,2025-10-28,6,34.57,207.42
1358,151,28,2026-03-15,4,402.29,1609.16
1359,193,16,2025-10-21,3,122.18,366.54
1360,20,44,2026-08-25,7,293.8,2056.6
1361,42,17,2026-03-03,5,431.22,2156.1
1362,62,23,2025-11-22,10,56.22,562.2
1363,100,30,2026-03-03,10,272.78,2727.8
1364,85,5,2025-10-20,9,473.96,4265.64
1365,194,13,2025-11-08,7,298.27,2087.89
1366,177,33,2026-04-06,3,227.13,681.39
1367,129,14,2025-10-02,2,298.34,596.68
1368,14,19,2026-08-01,6,337.8,2026.8
1369,112,34,2026-08-28,2,34.79,69.58
1370,20,25,2026-05-22,4,238.84,955.36
1371,155,32,2026-05-29,6,236.69,1420.14
1372,153,33,2026-08-23,10,227.13,2271.3
1373,199,3,2026-06-09,7,409.85,2868.95
1374,8,49,2026-06-10,6,427.16,2562.96
1375,116,7,2026-05-07,5,482.54,2412.7
1376,59,18,2025-10-17,8,261.94,2095.52
1377,142,2,2026-06-01,6,51.97,311.82
1378,111,49,2025-11-05,7,427.16,2990.12
1379,175,48,2026-05-17,3,37.87,113.61
1380,170,37,2026-01-20,10,-25.0,-250.0
1381,22,15,2026-05-15,7,44.79,313.53
1382,76,46,2026-01-10,10,34.57,345.7
1383,183,3,2026-03-24,4,409.85,1639.4
1384,22,4,2025-10-31,2,72.91,145.82
1385,40,7,2026-09-05,5,482.54,2412.7
1386,183,43,2026-04-04,7,116.67,816.69
1387,190,43,2025-10-14,3,116.67,350.01
1388,82,12,2026-06-18,7,41.37,289.59
1389,28,38,2026-02-13,6,452.2,2713.2
1390,2,50,2025-10-20,2,301.57,603.14
1391,114,5,2025-11-03,5,473.96,2369.8
1392,195,1,2025-09-17,6,128.03,768.18
1393,27,31,2026-07-04,5,216.72,1083.6
1394,23,20,2026-03-05,3,274.22,822.66
1395,111,30,2025-10-14,3,272.78,818.34
1396,143,32,2026-01-07,8,236.69,1893.52
1397,132,12,2026-08-20,9,41.37,372.33
1398,27,24,2025-12-24,7,183.61,1285.27
1399,23,10,2026-07-01,1,224.67,224.67
1400,142,45,2025-11-05,6,376.51,2259.06
1401,153,45,2025-10-14,2,376.51,753.02
1402,84,16,2026-03-25,10,122.18,1221.8
1403,4,26,2025-11-22,7,339.95,2379.65
1404,106,14,2026-06-19,5,298.34,1491.7
1405,200,35,2026-02-17,7,484.81,3393.67
1406,186,3,2025-09-14,2,409.85,819.7
1407,63,23,2026-07-18,9,56.22,505.98
1408,134,39,2026-03-13,10,195.7,1957.0
1409,176,5,2026-08-13,3,473.96,1421.88
1410,44,37,2026-03-23,7,-25.0,-175.0
1411,69,31,2026-07-25,3,216.72,650.16
1412,69,34,2025-12-16,5,34.79,173.95
1413,38,13,2026-06-05,8,298.27,2386.16
1414,43,38,2026-03-25,2,452.2,904.4
1415,71,20,2026-01-12,7,274.22,1919.54
1416,77,26,2026-03-19,7,339.95,2379.65
1417,20,14,2025-09-25,8,298.34,2386.72
1418,65,3,2025-10-22,6,409.85,2459.1
1419,185,4,2025-10-17,4,72.91,291.64
1420,153,40,2025-09-29,8,139.95,1119.6
1421,51,8,2026-06-12,10,359.34,3593.4
1422,28,42,2025-10-09,8,85.85,686.8
1423,78,6,2026-02-15,3,139.88,419.64
1424,102,11,2026-04-24,1,69.29,69.29
1425,159,39,2026-04-09,6,195.7,1174.2
1426,85,37,2026-09-02,7,-25.0,-175.0
1427,86,11,2026-07-31,8,69.29,554.32
1428,167,10,2025-12-28,7,224.67,1572.69
1429,35,26,2025-12-25,10,339.95,3399.5
1430,83,47,2025-10-10,5,256.4,1282.0
1431,178,37,2026-01-24,10,-25.0,-250.0
1432,123,12,2026-04-17,4,41.37,165.48
1433,46,14,2025-10-29,6,298.34,1790.04
1434,82,40,2025-11-10,7,139.95,979.65
1435,189,48,2026-03-07,5,37.87,189.35
1436,148,29,2025-12-03,8,131.84,1054.72
1437,84,25,2025-11-18,4,238.84,955.36
1438,72,15,2025-12-05,7,44.79,313.53
1439,94,7,2026-01-25,7,482.54,3377.78
1440,145,28,2026-01-14,2,402.29,804.58
1441,152,24,2026-02-14,4,183.61,734.44
1442,47,2,2026-02-28,9,51.97,467.73
1443,7,19,2025-12-16,9,337.8,3040.2
1444,182,32,2026-09-13,8,236.69,1893.52
1445,113,30,2026-01-21,4,272.78,1091.12
1446,178,31,2026-06-06,5,216.72,1083.6
1447,105,2,2026-07-04,2,51.97,103.94
1448,36,32,2026-08-25,8,236.69,1893.52
1449,62,3,2025-12-09,5,409.85,2049.25
1450,169,11,2026-02-13,5,69.29,346.45
1451,184,21,2026-08-18,3,129.07,387.21
1452,97,47,2025-12-22,7,256.4,1794.8
1453,115,22,2026-04-15,2,405.67,811.34
1454,123,18,2025-12-08,10,261.94,2619.4
1455,103,16,2026-06-03,10,122.18,1221.8
1456,130,47,2025-10-24,9,256.4,2307.6
1457,140,18,2026-02-25,7,261.94,1833.58
1458,93,14,2026-07-03,1,298.34,298.34
1459,153,43,2026-06-12,9,116.67,1050.03
1460,9999,25,2026-05-30,2,238.84,477.68
1461,169,31,2026-06-29,4,216.72,866.88
1462,43,32,2025-10-18,6,236.69,1420.14
1463,12,33,2025-12-25,10,227.13,2271.3
1464,166,7,2025-10-26,10,482.54,4825.4
1465,193,36,2026-01-31,7,91.49,640.43
1466,111,45,2026-01-06,6,376.51,2259.06
1467,3,23,2026-03-07,2,56.22,112.44
1468,67,37,2026-04-22,2,-25.0,-50.0
1469,131,2,2026-02-24,4,51.97,207.88
1470,143,21,2026-07-24,9,129.07,1161.63
1471,177,31,2025-12-18,10,216.72,2167.2
1472,57,14,2025-12-05,10,298.34,2983.4
1473,96,46,2025-11-02,8,34.57,276.56
1474,119,32,2026-02-21,7,236.69,1656.83
1475,177,26,2026-05-09,10,339.95,3399.5
1476,39,18,2025-09-16,9,261.94,2357.46
1477,7,9,2026-08-13,6,497.62,2985.72
1478,27,26,2026-07-30,8,339.95,2719.6
1479,107,36,2025-11-06,5,91.49,457.45
1480,30,39,2025-12-09,2,195.7,391.4
1481,90,41,2026-06-11,3,149.77,449.31
1482,88,48,2025-09-27,5,37.87,189.35
1483,53,1,2026-07-20,8,128.03,1024.24
1484,124,31,2026-06-26,9,216.72,1950.48
1485,122,37,2025-09-17,6,-25.0,-150.0
1486,113,33,2026-04-30,2,227.13,454.26
1487,82,17,2026-01-01,8,431.22,3449.76
1488,77,26,2025-10-13,2,339.95,679.9
1489,182,4,2026-02-27,1,72.91,72.91
1490,6,45,2026-04-11,2,376.51,753.02
1491,166,20,2026-04-10,6,274.22,1645.32
1492,174,36,2026-03-09,2,91.49,182.98
1493,190,18,2026-03-09,3,261.94,785.82
1494,133,23,2026-05-17,4,56.22,224.88
1495,142,21,2026-04-06,3,129.07,387.21
1496,85,32,2026-01-15,3,236.69,710.07
1497,110,4,2026-07-28,9,72.91,656.19
1498,60,11,2026-09-01,8,69.29,554.32
1499,162,34,2026-07-24,7,34.79,243.53
1500,48,28,2026-02-25,3,402.29,1206.87
1501,102,10,2026-03-18,7,224.67,1572.69
1502,189,4,2026-08-31,1,72.91,72.91
1503,51,39,2026-01-01,10,195.7,1957.0
1504,152,4,2025-12-01,8,72.91,583.28
1505,100,14,2025-12-09,7,298.34,2088.38
1506,181,36,2026-03-13,1,91.49,91.49
1507,53,38,2026-06-12,4,452.2,1808.8
1508,193,9,2025-10-14,5,497.62,2488.1
1509,148,1,2025-10-04,2,128.03,256.06
1510,138,42,2025-11-07,2,85.85,171.7
1511,94,27,2026-07-20,3,39.7,119.1
1512,51,25,2026-05-01,6,238.84,1433.04
1513,30,20,2026-05-27,8,274.22,2193.76
1514,172,17,2026-01-16,5,431.22,2156.1
1515,136,38,2026-03-06,8,452.2,3617.6
1516,153,45,2026-01-15,6,376.51,2259.06
1517,157,43,2026-01-09,7,116.67,816.69
1518,151,44,2026-05-04,7,293.8,2056.6
1519,90,45,2026-03-12,2,376.51,753.02
1520,118,2,2025-10-11,6,51.97,311.82
1521,45,6,2026-08-03,10,139.88,1398.8
1522,158,16,2026-03-12,5,122.18,610.9
1523,22,24,2026-07-02,10,183.61,1836.1
1524,81,44,2025-10-24,3,293.8,881.4
1525,62,21,2026-08-20,2,129.07,258.14
1526,30,47,2026-02-20,5,256.4,1282.0
1527,96,46,2026-01-27,3,34.57,103.71
1528,131,13,2026-05-07,3,298.27,894.81
1529,108,30,2025-12-13,7,272.78,1909.46
1530,36,16,2026-01-14,10,122.18,1221.8
1531,99,20,2026-01-01,10,274.22,2742.2
1532,48,42,2026-03-02,7,85.85,600.95
1533,163,34,2026-02-20,8,34.79,278.32
1534,178,11,2026-08-08,9,69.29,623.61
1535,143,28,2026-03-27,3,402.29,1206.87
1536,126,20,2025-11-01,3,274.22,822.66
1537,36,21,2025-10-18,5,129.07,645.35
1538,81,3,2026-04-03,3,409.85,1229.55
1539,159,32,2026-05-02,8,236.69,1893.52
1540,92,29,2026-06-07,1,131.84,131.84
1541,125,45,2025-09-28,1,376.51,376.51
1542,50,39,2026-05-14,3,195.7,587.1
1543,144,16,2026-09-07,7,122.18,855.26
1544,168,7,2026-02-14,9,482.54,4342.86
1545,105,13,2026-08-03,8,298.27,2386.16
1546,107,12,2026-01-09,8,41.37,330.96
1547,126,23,2026-01-05,8,56.22,449.76
1548,22,40,2026-06-24,3,139.95,419.85
1549,8,27,2025-09-25,10,39.7,397.0
1550,75,48,2025-09-20,4,37.87,151.48
1551,71,8,2026-01-28,1,359.34,359.34
1552,138,11,2026-05-05,4,69.29,277.16
1553,44,3,2025-09-22,5,409.85,2049.25
1554,145,30,2025-12-18,8,272.78,2182.24
1555,141,5,2026-07-19,8,473.96,3791.68
1556,29,23,2026-09-11,9,56.22,505.98
1557,30,46,2026-09-11,10,34.57,345.7
1558,199,5,2025-11-17,5,473.96,2369.8
1559,94,22,2026-07-06,9,405.67,3651.03
1560,194,22,2026-02-13,9,405.67,3651.03
1561,195,24,2026-06-02,1,183.61,183.61
1562,140,11,2026-09-09,8,69.29,554.32
1563,109,25,2026-02-25,4,238.84,955.36
1564,189,7,2025-10-21,2,482.54,965.08
1565,77,2,2026-04-19,4,51.97,207.88
1566,116,49,2026-05-07,1,427.16,427.16
1567,90,4,2026-08-06,5,72.91,364.55
1568,113,45,2026-06-25,2,376.51,753.02
1569,199,24,2026-04-20,2,183.61,367.22
1570,54,12,2026-05-17,4,41.37,165.48
1571,177,42,2026-09-08,10,85.85,858.5
1572,182,26,2025-12-29,6,339.95,2039.7
1573,162,23,2026-02-26,10,56.22,562.2
1574,43,8,2026-05-21,7,359.34,2515.38
1575,36,37,2026-04-17,10,-25.0,-250.0
1576,53,7,2025-11-03,4,482.54,1930.16
1577,146,37,2026-05-19,1,-25.0,-25.0
1578,137,29,2026-02-25,6,131.84,791.04
1579,153,5,2026-07-26,-1,473.96,2369.8
1580,44,7,2026-05-19,9,482.54,4342.86
1581,181,19,2025-09-23,6,337.8,2026.8
1582,75,35,2025-09-25,5,484.81,2424.05
1583,69,37,2025-11-15,10,-25.0,-250.0
1584,174,11,2026-05-03,9,69.29,623.61
1585,35,41,2026-07-07,2,149.77,299.54
1586,16,44,2026-08-06,7,293.8,2056.6
1587,168,34,2026-03-23,5,34.79,173.95
1588,180,24,2026-05-27,3,183.61,550.83
1589,64,24,2026-05-26,3,183.61,550.83
1590,183,24,2026-01-30,3,183.61,550.83
1591,64,11,2026-03-11,6,69.29,415.74
1592,126,50,2026-05-06,7,301.57,2110.99
1593,148,24,2026-07-02,3,183.61,550.83
1594,161,27,2026-03-06,5,39.7,198.5
1595,97,39,2026-09-08,7,195.7,1369.9
1596,20,31,2026-05-28,8,216.72,1733.76
1597,104,14,2026-01-30,2,298.34,596.68
1598,192,27,2026-09-12,9,39.7,357.3
1599,178,48,2026-07-16,5,37.87,189.35
1600,117,14,2025-12-27,6,298.34,1790.04
1601,84,45,2026-06-09,8,376.51,3012.08
1602,1,7,2026-06-21,10,482.54,4825.4
1603,188,39,2026-08-19,2,195.7,391.4
1604,163,36,2026-05-02,8,91.49,731.92
1605,17,45,2026-06-08,6,376.51,2259.06
1606,102,26,2026-01-23,9,339.95,3059.55
1607,110,40,2026-03-25,4,139.95,559.8
1608,127,6,2026-04-01,4,139.88,559.52
1609,83,10,2025-10-22,5,224.67,1123.35
1610,87,27,2026-09-06,5,39.7,198.5
1611,148,40,2026-05-09,9,139.95,1259.55
1612,145,1,2026-07-31,3,128.03,384.09
1613,88,31,2026-01-15,8,216.72,1733.76
1614,12,45,2025-10-12,1,376.51,376.51
1615,161,8,2025-10-17,2,359.34,718.68
1616,5,19,2026-02-22,8,337.8,2702.4
1617,41,1,2025-12-29,2,128.03,256.06
1618,117,17,2025-09-14,8,431.22,3449.76
1619,110,4,2025-12-31,1,72.91,72.91
1620,177,17,2025-12-26,4,431.22,1724.88
1621,167,32,2026-07-24,3,236.69,710.07
1622,41,39,2025-11-07,5,195.7,978.5
1623,24,5,2026-05-01,5,473.96,2369.8
1624,65,33,2025-12-28,6,227.13,1362.78
1625,96,27,2025-11-17,2,39.7,79.4
1626,14,14,2026-06-01,3,298.34,895.02
1627,161,11,2026-03-18,7,69.29,485.03
1628,186,26,2025-12-01,5,339.95,1699.75
1629,110,49,2026-04-24,4,427.16,1708.64
1630,181,20,2026-03-19,2,274.22,548.44
1631,1,40,2026-02-10,2,139.95,279.9
1632,123,45,2026-04-23,4,376.51,1506.04
1633,34,46,2025-11-23,2,34.57,69.14
1634,58,10,2026-04-12,10,224.67,2246.7
1635,175,19,2025-12-13,9,337.8,3040.2
1636,3,30,2025-11-26,8,272.78,2182.24
1637,179,30,2026-06-19,1,272.78,272.78
1638,31,8,2025-11-03,6,359.34,2156.04
1639,178,29,2026-06-01,7,131.84,922.88
1640,123,45,2026-03-29,3,376.51,1129.53
1641,59,46,2026-01-30,2,34.57,69.14
1642,23,28,2026-03-11,7,402.29,2816.03
1643,27,48,2025-09-23,2,37.87,75.74
1644,95,36,2025-11-24,6,91.49,548.94
1645,36,23,2026-02-21,5,56.22,281.1
1646,199,48,2026-04-07,7,37.87,265.09
1647,165,8,2026-06-28,3,359.34,1078.02
1648,18,7,2026-09-01,3,482.54,1447.62
1649,145,43,2025-11-09,9,116.67,1050.03
1650,157,50,2026-05-03,1,301.57,301.57
1651,113,39,2026-01-12,3,195.7,587.1
1652,185,49,2026-03-12,6,427.16,2562.96
1653,161,15,2025-10-01,4,44.79,179.16
1654,106,3,2026-01-01,3,409.85,1229.55
1655,176,16,2026-06-25,10,122.18,1221.8
1656,56,2,2026-05-06,8,51.97,415.76
1657,26,48,2026-03-24,2,37.87,75.74
1658,193,35,2026-08-10,3,484.81,1454.43
1659,151,35,2026-04-30,2,484.81,969.62
1660,90,13,2026-01-09,7,298.27,2087.89
1661,81,8,2026-06-05,7,359.34,2515.38
1662,64,1,2026-04-09,3,128.03,384.09
1663,166,20,2025-10-05,5,274.22,1371.1
1664,64,50,2026-05-11,2,301.57,603.14
1665,154,34,2026-04-05,9,34.79,313.11
1666,185,39,2026-07-03,10,195.7,1957.0
1667,73,41,2026-05-05,10,149.77,1497.7
1668,169,33,2025-12-25,1,227.13,227.13
1669,53,33,2026-08-25,5,227.13,1135.65
1670,156,43,2026-05-17,9,116.67,1050.03
1671,49,1,2025-11-12,9,128.03,1152.27
1672,76,8,2026-03-08,7,359.34,2515.38
1673,62,15,2026-04-09,1,44.79,44.79
1674,99,17,2026-03-14,8,431.22,3449.76
1675,62,5,2025-12-08,2,473.96,947.92
1676,164,17,2025-12-30,8,431.22,3449.76
1677,19,13,2026-04-24,10,298.27,2982.7
1678,4,4,2026-05-11,9,72.91,656.19
1679,82,7,2026-02-17,6,482.54,2895.24
1680,100,10,2026-03-20,3,224.67,674.01
1681,108,9,2026-07-01,10,497.62,4976.2
1682,140,50,2026-03-27,6,301.57,1809.42
1683,196,20,2026-06-22,3,274.22,822.66
1684,198,23,2025-09-24,8,56.22,449.76
1685,5,19,2026-07-25,2,337.8,675.6
1686,18,43,2026-03-09,10,116.67,1166.7
1687,68,24,2025-12-21,1,183.61,183.61
1688,11,48,2026-06-28,4,37.87,151.48
1689,102,19,2025-12-24,1,337.8,337.8
1690,74,25,2025-12-22,9,238.84,2149.56
1691,197,13,2026-09-04,9,298.27,2684.43
1692,109,39,2026-07-01,7,195.7,1369.9
1693,22,14,2026-07-30,7,298.34,2088.38
1694,138,50,2026-05-10,9,301.57,2714.13
1695,40,31,2026-07-31,10,216.72,2167.2
1696,22,22,2026-04-28,5,405.67,2028.35
1697,21,28,2026-06-02,5,402.29,2011.45
1698,53,6,2026-05-17,9,139.88,1258.92
1699,138,27,2026-02-15,3,39.7,119.1
1700,101,29,2025-10-07,6,131.84,791.04
1701,163,29,2025-10-27,10,131.84,1318.4
1702,80,22,2026-04-16,2,405.67,811.34
1703,187,4,2026-09-05,7,72.91,510.37
1704,15,33,2026-06-30,4,227.13,908.52
1705,23,35,2025-11-12,4,484.81,1939.24
1706,30,50,2026-05-19,7,301.57,2110.99
1707,157,25,2026-04-15,8,238.84,1910.72
1708,15,26,2026-07-02,10,339.95,3399.5
1709,171,34,2026-09-10,5,34.79,173.95
1710,31,23,2025-10-09,3,56.22,168.66
1711,182,29,2025-12-07,1,131.84,131.84
1712,180,27,2026-04-21,3,39.7,119.1
1713,42,19,2025-12-22,1,337.8,337.8
1714,89,20,2026-09-09,8,274.22,2193.76
1715,133,21,2026-01-04,9,129.07,1161.63
1716,43,1,2026-07-19,5,128.03,640.15
1717,33,15,2025-12-02,6,44.79,268.74
1718,188,32,2026-01-28,5,236.69,1183.45
1719,198,19,2025-10-14,2,337.8,675.6
1720,86,43,2026-04-02,1,116.67,116.67
1721,70,25,2026-05-15,7,238.84,1671.88
1722,17,29,2026-01-08,9,131.84,1186.56
1723,183,10,2025-11-12,5,224.67,1123.35
1724,161,47,2026-09-01,10,256.4,2564.0
1725,128,50,2025-11-19,2,301.57,603.14
1726,131,3,2026-06-04,8,409.85,3278.8
1727,15,34,2026-07-10,6,34.79,208.74
1728,146,5,2026-01-10,8,473.96,3791.68
1729,95,24,2026-03-10,3,183.61,550.83
1730,66,8,2025-11-09,3,359.34,1078.02
1731,147,22,2026-08-06,2,405.67,811.34
1732,59,33,2026-06-27,2,227.13,454.26
1733,1,7,2026-05-04,9,482.54,4342.86
1734,4,18,2026-01-24,1,261.94,261.94
1735,12,25,2026-02-15,4,238.84,955.36
1736,94,33,2026-06-09,8,227.13,1817.04
1737,39,44,2026-05-19,7,293.8,2056.6
1738,10,8,2026-08-02,3,359.34,1078.02
1739,183,13,2026-08-23,9,298.27,2684.43
1740,58,14,2026-03-11,7,298.34,2088.38
1741,64,21,2026-08-30,6,129.07,774.42
1742,185,25,2026-08-15,7,238.84,1671.88
1743,70,37,2025-10-11,6,-25.0,-150.0
1744,147,48,2025-12-07,2,37.87,75.74
1745,31,47,2026-02-25,6,256.4,1538.4
1746,173,31,2026-05-19,9,216.72,1950.48
1747,46,16,2026-07-02,1,122.18,122.18
1748,133,25,2026-05-05,4,238.84,955.36
1749,103,16,2026-07-13,1,122.18,122.18
1750,120,14,2026-09-07,2,298.34,596.68
1751,199,45,2025-11-06,5,376.51,1882.55
1752,84,38,2026-08-27,5,452.2,2261.0
1753,142,3,2026-07-02,2,409.85,819.7
1754,3,26,2026-07-07,8,339.95,2719.6
1755,52,15,2025-11-30,6,44.79,268.74
1756,145,32,2026-09-06,5,236.69,1183.45
1757,190,28,2025-12-22,5,402.29,2011.45
1758,63,32,2026-03-04,10,236.69,2366.9
1759,95,2,2025-10-16,8,51.97,415.76
1760,127,49,2025-11-17,10,427.16,4271.6
1761,188,11,2026-02-22,4,69.29,277.16
1762,195,47,2026-09-14,9,256.4,2307.6
1763,39,47,2026-07-27,4,256.4,1025.6
1764,105,34,2026-08-12,1,34.79,34.79
1765,60,8,2026-08-17,1,359.34,359.34
1766,89,15,2025-12-10,9,44.79,403.11
1767,86,36,2025-11-19,1,91.49,91.49
1768,195,42,2026-03-31,1,85.85,85.85
1769,189,22,2026-02-27,7,405.67,2839.69
1770,27,9,2026-06-22,5,497.62,2488.1
1771,136,29,2026-03-11,4,131.84,527.36
1772,108,16,2026-04-14,4,122.18,488.72
1773,16,17,2026-08-21,8,431.22,3449.76
1774,183,22,2025-11-05,3,405.67,1217.01
1775,24,41,2026-05-03,5,149.77,748.85
1776,60,26,2026-03-23,1,339.95,339.95
1777,106,38,2025-12-18,9,452.2,4069.8
1778,118,2,2026-07-15,6,51.97,311.82
1779,149,27,2026-07-02,2,39.7,79.4
1780,130,26,2026-09-09,2,339.95,679.9
1781,164,45,2025-10-14,3,376.51,1129.53
1782,20,37,2026-04-12,7,-25.0,-175.0
1783,146,11,2025-12-12,10,69.29,692.9
1784,112,3,2025-12-21,1,409.85,409.85
1785,61,50,2026-09-01,3,301.57,904.71
1786,67,36,2026-02-08,5,91.49,457.45
1787,101,3,2025-10-18,6,409.85,2459.1
1788,82,6,2026-07-03,6,139.88,839.28
1789,70,30,2026-01-19,8,272.78,2182.24
1790,20,18,2025-11-11,4,261.94,1047.76
1791,35,41,2026-05-03,4,149.77,599.08
1792,28,12,2026-01-20,10,41.37,413.7
1793,28,15,2025-11-06,3,44.79,134.37
1794,116,30,2025-11-05,3,272.78,818.34
1795,81,45,2026-05-22,8,376.51,3012.08
1796,31,35,2026-08-06,7,484.81,3393.67
1797,92,37,2026-09-09,9,-25.0,-225.0
1798,116,46,2026-02-06,4,34.57,138.28
1799,119,37,2026-03-06,5,-25.0,-125.0
1800,31,18,2026-03-13,5,261.94,1309.7
1801,41,22,2026-06-19,2,405.67,811.34
1802,181,32,2026-08-01,5,236.69,1183.45
1803,9999,29,2026-09-06,10,131.84,1318.4
1804,84,15,2025-12-24,4,44.79,179.16
1805,24,41,2026-02-27,3,149.77,449.31
1806,92,28,2026-08-19,4,402.29,1609.16
1807,132,5,2025-10-06,7,473.96,3317.72
1808,174,3,2026-06-08,1,409.85,409.85
1809,67,5,2026-04-09,5,473.96,2369.8
1810,8,34,2025-11-21,3,34.79,104.37
1811,116,11,2026-01-20,7,69.29,485.03
1812,192,29,2026-09-08,9,131.84,1186.56
1813,64,25,2026-04-23,9,238.84,2149.56
1814,119,28,2025-11-01,2,402.29,804.58
1815,36,40,2026-05-13,2,139.95,279.9
1816,4,47,2026-08-24,2,256.4,512.8
1817,200,21,2026-01-07,1,129.07,129.07
1818,34,28,2026-06-04,4,402.29,1609.16
1819,103,30,2025-11-30,4,272.78,1091.12
1820,176,8,2026-04-25,6,359.34,2156.04
1821,150,47,2026-04-19,2,256.4,512.8
1822,67,41,2025-11-13,10,149.77,1497.7
1823,6,41,2026-02-27,2,149.77,299.54
1824,51,37,2025-11-15,2,-25.0,-50.0
1825,33,14,2026-08-03,8,298.34,2386.72
1826,85,48,2025-12-12,2,37.87,75.74
1827,11,10,2025-11-21,2,224.67,449.34
1828,13,23,2025-11-08,8,56.22,449.76
1829,147,33,2025-10-29,3,227.13,681.39
1830,186,24,2026-08-15,7,183.61,1285.27
1831,128,38,2026-05-03,7,452.2,3165.4
1832,98,26,2025-11-07,1,339.95,339.95
1833,45,40,2026-05-04,7,139.95,979.65
1834,55,33,2026-05-22,6,227.13,1362.78
1835,71,12,2026-02-04,3,41.37,124.11
1836,115,6,2026-08-02,5,139.88,699.4
1837,9,27,2025-12-19,3,39.7,119.1
1838,159,23,2026-04-15,10,56.22,562.2
1839,63,21,2026-08-29,10,129.07,1290.7
1840,128,34,2026-05-20,5,34.79,173.95
1841,141,27,2025-12-13,7,39.7,277.9
1842,16,40,2025-10-22,8,139.95,1119.6
1843,72,20,2026-05-02,2,274.22,548.44
1844,36,21,2026-03-15,7,129.07,903.49
1845,52,9,2025-10-31,7,497.62,3483.34
1846,64,34,2026-07-23,9,34.79,313.11
1847,5,17,2026-04-25,9,431.22,3880.98
1848,183,7,2026-07-24,7,482.54,3377.78
1849,123,23,2025-09-21,6,56.22,337.32
1850,125,36,2025-11-05,9,91.49,823.41
1851,145,11,2026-03-15,6,69.29,415.74
1852,83,30,2026-03-16,9,272.78,2455.02
1853,70,21,2025-12-21,7,129.07,903.49
1854,7,30,2026-03-09,3,272.78,818.34
1855,153,38,2026-02-23,6,452.2,2713.2
1856,8,50,2026-03-17,4,301.57,1206.28
1857,15,36,2026-02-25,5,91.49,457.45
1858,136,49,2025-10-22,8,427.16,3417.28
1859,197,19,2026-05-27,6,337.8,2026.8
1860,60,35,2026-04-10,10,484.81,4848.1
1861,26,28,2025-10-27,3,402.29,1206.87
1862,169,1,2026-05-14,4,128.03,512.12
1863,69,4,2025-11-03,4,72.91,291.64
1864,189,38,2025-12-05,9,452.2,4069.8
1865,196,37,2026-01-26,1,-25.0,-25.0
1866,148,1,2025-10-28,4,128.03,512.12
1867,91,37,2025-12-19,7,-25.0,-175.0
1868,46,40,2025-11-24,3,139.95,419.85
1869,152,16,2026-08-28,4,122.18,488.72
1870,189,28,2025-09-26,6,402.29,2413.74
1871,152,24,2026-07-24,6,183.61,1101.66
1872,181,6,2025-10-05,1,139.88,139.88
1873,146,36,2026-05-28,6,91.49,548.94
1874,37,23,2026-02-06,10,56.22,562.2
1875,49,28,2026-03-13,10,402.29,4022.9
1876,139,15,2026-07-14,8,44.79,358.32
1877,45,12,2026-04-22,5,41.37,206.85
1878,10,8,2026-02-06,8,359.34,2874.72
1879,15,21,2026-06-22,2,129.07,258.14
1880,155,37,2026-03-20,4,-25.0,-100.0
1881,6,6,2026-07-22,4,139.88,559.52
1882,123,48,2026-01-25,9,37.87,340.83
1883,85,35,2026-05-30,1,484.81,484.81
1884,52,22,2026-06-12,10,405.67,4056.7
1885,88,22,2026-06-24,3,405.67,1217.01
1886,83,11,2026-08-31,3,69.29,207.87
1887,6,48,2026-02-01,1,37.87,37.87
1888,151,13,2026-01-03,3,298.27,894.81
1889,199,22,2026-09-11,3,405.67,1217.01
1890,135,3,2026-02-13,2,409.85,819.7
1891,19,33,2025-12-11,6,227.13,1362.78
1892,181,3,2025-09-26,6,409.85,2459.1
1893,151,24,2025-12-05,7,183.61,1285.27
1894,87,9,2026-06-27,-1,497.62,995.24
1895,83,33,2026-09-01,5,227.13,1135.65
1896,41,50,2026-05-24,3,301.57,904.71
1897,164,34,2026-05-16,7,34.79,243.53
1898,167,41,2026-03-14,8,149.77,1198.16
1899,45,16,2026-09-07,6,122.18,733.08
1900,178,6,2025-12-25,9,139.88,1258.92
1901,92,20,2026-06-03,10,274.22,2742.2
1902,171,43,2026-07-31,4,116.67,466.68
1903,45,39,2026-02-27,10,195.7,1957.0
1904,79,43,2025-12-28,7,116.67,816.69
1905,33,14,2026-03-16,5,298.34,1491.7
1906,187,21,2025-12-05,3,129.07,387.21
1907,180,35,2025-10-14,1,484.81,484.81
1908,101,26,2025-10-10,10,339.95,3399.5
1909,9,4,2026-03-30,10,72.91,729.1
1910,155,16,2026-04-05,3,122.18,366.54
1911,157,24,2025-12-27,6,183.61,1101.66
1912,164,15,2025-11-14,4,44.79,179.16
1913,27,9,2026-02-13,10,497.62,4976.2
1914,37,49,2026-08-10,8,427.16,3417.28
1915,191,23,2026-08-17,6,56.22,337.32
1916,61,23,2026-08-08,2,56.22,112.44
1917,82,17,2025-11-12,6,431.22,2587.32
1918,163,18,2026-02-24,3,261.94,785.82
1919,182,12,2026-05-11,2,41.37,82.74
1920,115,17,2026-03-12,6,431.22,2587.32
1921,68,27,2026-08-04,1,39.7,39.7
1922,64,20,2026-01-08,4,274.22,1096.88
1923,90,47,2025-09-15,2,256.4,512.8
1924,28,27,2026-01-05,5,39.7,198.5
1925,13,10,2026-07-20,1,224.67,224.67
1926,113,20,2026-02-04,7,274.22,1919.54
1927,43,22,2026-01-06,7,405.67,2839.69
1928,127,49,2025-10-30,7,427.16,2990.12
1929,90,42,2025-12-19,7,85.85,600.95
1930,97,48,2026-01-15,9,37.87,340.83
1931,123,6,2026-01-09,2,139.88,279.76
1932,167,38,2026-03-07,10,452.2,4522.0
1933,42,3,2026-03-17,4,409.85,1639.4
1934,19,13,2026-04-27,8,298.27,2386.16
1935,76,9,2026-03-09,1,497.62,497.62
1936,82,15,2026-05-08,1,44.79,44.79
1937,27,12,2026-07-01,5,41.37,206.85
1938,88,40,2026-05-28,2,139.95,279.9
1939,97,7,2025-12-18,3,482.54,1447.62
1940,188,22,2026-01-09,3,405.67,1217.01
1941,141,26,2026-06-04,2,339.95,679.9
1942,87,2,2026-04-02,2,51.97,103.94
1943,158,10,2026-02-09,10,224.67,2246.7
1944,181,12,2026-06-02,8,41.37,330.96
1945,111,14,2026-07-15,1,298.34,298.34
1946,156,29,2026-02-24,3,131.84,395.52
1947,41,28,2026-07-07,7,402.29,2816.03
1948,26,10,2026-08-18,1,224.67,224.67
1949,53,40,2025-11-12,6,139.95,839.7
1950,105,34,2026-02-03,4,34.79,139.16
1951,185,10,2025-11-09,9,224.67,2022.03
1952,68,41,2026-02-02,9,149.77,1347.93
1953,77,3,2025-09-28,5,409.85,2049.25
1954,25,24,2026-09-01,4,183.61,734.44
1955,101,25,2025-12-01,1,238.84,238.84
1956,141,32,2025-11-04,10,236.69,2366.9
1957,40,44,2026-08-03,8,293.8,2350.4
1958,93,15,2026-04-16,1,44.79,44.79
1959,110,47,2025-12-25,1,256.4,256.4
1960,76,7,2026-02-21,2,482.54,965.08
1961,123,4,2026-06-10,10,72.91,729.1
1962,25,5,2026-03-16,4,473.96,1895.84
1963,53,10,2026-02-09,1,224.67,224.67
1964,164,36,2026-07-02,3,91.49,274.47
1965,21,45,2026-04-03,5,376.51,1882.55
1966,30,26,2025-09-22,8,339.95,2719.6
1967,102,46,2026-05-22,5,34.57,172.85
1968,126,44,2026-09-09,8,293.8,2350.4
1969,24,37,2025-12-26,5,-25.0,-125.0
1970,100,48,2026-07-07,9,37.87,340.83
1971,95,46,2026-05-07,3,34.57,103.71
1972,95,27,2025-09-18,7,39.7,277.9
1973,115,50,2026-08-02,3,301.57,904.71
1974,68,45,2025-11-28,1,376.51,376.51
1975,120,13,2026-03-28,8,298.27,2386.16
1976,58,10,2026-01-14,5,224.67,1123.35
1977,145,4,2025-09-14,5,72.91,364.55
1978,39,45,2026-05-02,1,376.51,376.51
1979,22,4,2026-04-12,2,72.91,145.82
1980,139,14,2025-11-08,6,298.34,1790.04
1981,194,25,2026-08-22,7,238.84,1671.88
1982,59,33,2026-04-14,10,227.13,2271.3
1983,16,49,2026-08-26,9,427.16,3844.44
1984,134,25,2026-05-23,7,238.84,1671.88
1985,138,8,2025-12-25,7,359.34,2515.38
1986,147,20,2026-04-10,8,274.22,2193.76
1987,122,26,2025-12-07,4,339.95,1359.8
1988,21,13,2025-12-26,5,298.27,1491.35
1989,183,40,2026-05-04,7,139.95,979.65
1990,129,40,2026-08-23,1,139.95,139.95
1991,133,38,2025-12-07,10,452.2,4522.0
1992,174,46,2026-07-22,10,34.57,345.7
1993,38,37,2025-10-09,10,-25.0,-250.0
1994,194,47,2026-03-18,2,256.4,512.8
1995,45,29,2026-04-27,8,131.84,1054.72
1996,55,11,2025-10-22,3,69.29,207.87
1997,33,25,2026-08-27,4,238.84,955.36
1998,109,40,2026-06-16,1,139.95,139.95
1999,175,37,2026-03-19,2,-25.0,-50.0
2000,52,4,2025-10-15,7,72.91,510.37
52,94,27,2025-12-10,5,39.7,198.5
1328,46,5,2026-03-15,7,473.96,3317.72
1489,182,4,2026-02-27,1,72.91,72.91
1433,46,14,2025-10-29,6,298.34,1790.04
418,181,5,2026-05-08,8,473.96,3791.68
270,180,39,2026-05-03,6,195.7,1174.2
